[
    {
        "model": "core.category",
        "pk": 1,
        "fields": {
            "name": "Main Course",
            "slug": "main-course"
        }
    },
    {
        "model": "core.category",
        "pk": 2,
        "fields": {
            "name": "Starters",
            "slug": "starters"
        }
    },
    {
        "model": "core.category",
        "pk": 3,
        "fields": {
            "name": "Breakfast",
            "slug": "breakfast"
        }
    },
    {
        "model": "core.category",
        "pk": 7,
        "fields": {
            "name": "Sweets",
            "slug": "sweets"
        }
    },
    {
        "model": "core.category",
        "pk": 34,
        "fields": {
            "name": "New",
            "slug": "new"
        }
    },
    {
        "model": "core.category",
        "pk": 35,
        "fields": {
            "name": "test catrgory",
            "slug": "test-catrgory"
        }
    },
    {
        "model": "core.category",
        "pk": 36,
        "fields": {
            "name": "Deseart",
            "slug": "deseart"
        }
    },
    {
        "model": "core.item",
        "pk": 2,
        "fields": {
            "name": "Biriyani",
            "category": 1,
            "price": 180.0,
            "discount_percentage": 1.0,
            "description": "Nice Biriyani",
            "image": "item_pics/Ambur-Chicken-Biriyani_k2TDCnN.jpg",
            "is_nonveg": true,
            "is_available": false,
            "preparation_time": 15,
            "slug": "biriyani-2"
        }
    },
    {
        "model": "core.item",
        "pk": 3,
        "fields": {
            "name": "Kadai Paneer",
            "category": 1,
            "price": 30.0,
            "discount_percentage": 0.0,
            "description": "Mast paneer",
            "image": "item_pics/kadai-paneer-recipe-1.jpg",
            "is_nonveg": false,
            "is_available": true,
            "preparation_time": 10,
            "slug": "kadai-paneer"
        }
    },
    {
        "model": "core.item",
        "pk": 4,
        "fields": {
            "name": "Edited Testing 1",
            "category": 3,
            "price": 100.0,
            "discount_percentage": 2.0,
            "description": "Delicious",
            "image": "item_pics/maxresdefault.jpg",
            "is_nonveg": true,
            "is_available": true,
            "preparation_time": 13,
            "slug": "testing"
        }
    },
    {
        "model": "core.item",
        "pk": 5,
        "fields": {
            "name": "Test 2.0",
            "category": 1,
            "price": 1192.0,
            "discount_percentage": 10.0,
            "description": "Bhala jinisha",
            "image": "item_pics/kadai-paneer-recipe-1_YLUKcXD.jpg",
            "is_nonveg": false,
            "is_available": true,
            "preparation_time": 20,
            "slug": "test-20"
        }
    },
    {
        "model": "core.item",
        "pk": 6,
        "fields": {
            "name": "HUIhfkle",
            "category": 2,
            "price": 89.0,
            "discount_percentage": 8.0,
            "description": "dndjkgk",
            "image": "item_pics/1802040001_D.jpg",
            "is_nonveg": true,
            "is_available": false,
            "preparation_time": 2,
            "slug": "huihfkle"
        }
    },
    {
        "model": "core.item",
        "pk": 7,
        "fields": {
            "name": "BUgdjw",
            "category": 1,
            "price": 60.0,
            "discount_percentage": 3.0,
            "description": "456cnjk",
            "image": "item_pics/Masters.jpg",
            "is_nonveg": true,
            "is_available": true,
            "preparation_time": 0,
            "slug": "bugdjw"
        }
    },
    {
        "model": "core.item",
        "pk": 8,
        "fields": {
            "name": "Begun Bhaja Edited",
            "category": 2,
            "price": 295.0,
            "discount_percentage": 10.0,
            "description": "cnjsgajhbm",
            "image": "item_pics/maxresdefault_kk4sAyM.jpg",
            "is_nonveg": true,
            "is_available": true,
            "preparation_time": 4,
            "slug": "njkefnsm"
        }
    },
    {
        "model": "core.item",
        "pk": 9,
        "fields": {
            "name": "Test After Auth Add product",
            "category": 2,
            "price": 10.0,
            "discount_percentage": 100.0,
            "description": "Bujjkws",
            "image": "item_pics/Ambur-Chicken-Biriyani_9Q3grFL.jpg",
            "is_nonveg": true,
            "is_available": false,
            "preparation_time": 10,
            "slug": "test-after-auth-add-product"
        }
    },
    {
        "model": "core.item",
        "pk": 10,
        "fields": {
            "name": "Rasgulle",
            "category": 2,
            "price": 13.0,
            "discount_percentage": 0.0,
            "description": "Some description",
            "image": "item_pics/dark_warrior_knife_armor_dove_woman_4k_hd_1.jpg",
            "is_nonveg": false,
            "is_available": true,
            "preparation_time": 13,
            "slug": "rasgulle"
        }
    },
    {
        "model": "core.item",
        "pk": 11,
        "fields": {
            "name": "kabab",
            "category": 1,
            "price": 180.0,
            "discount_percentage": 0.0,
            "description": "delicious seek and chicken kabab",
            "image": "item_pics/th.jpg",
            "is_nonveg": true,
            "is_available": true,
            "preparation_time": 15,
            "slug": "kabab"
        }
    },
    {
        "model": "core.item",
        "pk": 12,
        "fields": {
            "name": "Some name to test category",
            "category": 36,
            "price": 200.0,
            "discount_percentage": 12.0,
            "description": "Some description",
            "image": "item_pics/dark_warrior_knife_armor_dove_woman_4k_hd_1_BvPOWul.jpg",
            "is_nonveg": true,
            "is_available": true,
            "preparation_time": 30,
            "slug": "some-name-to-test-category"
        }
    },
    {
        "model": "core.orderitem",
        "pk": 4,
        "fields": {
            "user": 2,
            "ordered": false,
            "item": 2,
            "quantity": 3,
            "rp_order_id": null,
            "rp_payment_id": null
        }
    },
    {
        "model": "core.orderitem",
        "pk": 5,
        "fields": {
            "user": 2,
            "ordered": false,
            "item": 6,
            "quantity": 1,
            "rp_order_id": null,
            "rp_payment_id": null
        }
    },
    {
        "model": "core.orderitem",
        "pk": 6,
        "fields": {
            "user": 2,
            "ordered": false,
            "item": 7,
            "quantity": 6,
            "rp_order_id": null,
            "rp_payment_id": null
        }
    },
    {
        "model": "core.orderitem",
        "pk": 13,
        "fields": {
            "user": 2,
            "ordered": false,
            "item": 2,
            "quantity": 3,
            "rp_order_id": null,
            "rp_payment_id": null
        }
    },
    {
        "model": "core.orderitem",
        "pk": 14,
        "fields": {
            "user": 2,
            "ordered": false,
            "item": 6,
            "quantity": 1,
            "rp_order_id": null,
            "rp_payment_id": null
        }
    },
    {
        "model": "core.orderitem",
        "pk": 15,
        "fields": {
            "user": 2,
            "ordered": false,
            "item": 7,
            "quantity": 6,
            "rp_order_id": null,
            "rp_payment_id": null
        }
    },
    {
        "model": "core.orderitem",
        "pk": 33,
        "fields": {
            "user": 1,
            "ordered": false,
            "item": 3,
            "quantity": 2,
            "rp_order_id": null,
            "rp_payment_id": null
        }
    },
    {
        "model": "core.orderitem",
        "pk": 34,
        "fields": {
            "user": 1,
            "ordered": false,
            "item": 7,
            "quantity": 1,
            "rp_order_id": null,
            "rp_payment_id": null
        }
    },
    {
        "model": "core.orderitem",
        "pk": 35,
        "fields": {
            "user": 1,
            "ordered": false,
            "item": 8,
            "quantity": 1,
            "rp_order_id": null,
            "rp_payment_id": null
        }
    },
    {
        "model": "core.orderitem",
        "pk": 36,
        "fields": {
            "user": 2,
            "ordered": false,
            "item": 2,
            "quantity": 1,
            "rp_order_id": null,
            "rp_payment_id": null
        }
    },
    {
        "model": "core.orderitem",
        "pk": 37,
        "fields": {
            "user": 2,
            "ordered": false,
            "item": 7,
            "quantity": 2,
            "rp_order_id": null,
            "rp_payment_id": null
        }
    },
    {
        "model": "core.orderitem",
        "pk": 39,
        "fields": {
            "user": 6,
            "ordered": false,
            "item": 3,
            "quantity": 1,
            "rp_order_id": null,
            "rp_payment_id": null
        }
    },
    {
        "model": "core.orderitem",
        "pk": 40,
        "fields": {
            "user": 6,
            "ordered": false,
            "item": 6,
            "quantity": 1,
            "rp_order_id": null,
            "rp_payment_id": null
        }
    },
    {
        "model": "core.orderitem",
        "pk": 41,
        "fields": {
            "user": 2,
            "ordered": false,
            "item": 3,
            "quantity": 1,
            "rp_order_id": null,
            "rp_payment_id": null
        }
    },
    {
        "model": "core.orderitem",
        "pk": 42,
        "fields": {
            "user": 2,
            "ordered": false,
            "item": 4,
            "quantity": 1,
            "rp_order_id": null,
            "rp_payment_id": null
        }
    },
    {
        "model": "core.orderitem",
        "pk": 43,
        "fields": {
            "user": 2,
            "ordered": false,
            "item": 2,
            "quantity": 1,
            "rp_order_id": null,
            "rp_payment_id": null
        }
    },
    {
        "model": "core.orderitem",
        "pk": 44,
        "fields": {
            "user": 2,
            "ordered": false,
            "item": 3,
            "quantity": 1,
            "rp_order_id": null,
            "rp_payment_id": null
        }
    },
    {
        "model": "core.orderitem",
        "pk": 45,
        "fields": {
            "user": 2,
            "ordered": false,
            "item": 4,
            "quantity": 1,
            "rp_order_id": null,
            "rp_payment_id": null
        }
    },
    {
        "model": "core.orderitem",
        "pk": 46,
        "fields": {
            "user": 2,
            "ordered": false,
            "item": 7,
            "quantity": 1,
            "rp_order_id": null,
            "rp_payment_id": null
        }
    },
    {
        "model": "core.orderitem",
        "pk": 47,
        "fields": {
            "user": 4,
            "ordered": false,
            "item": 7,
            "quantity": 1,
            "rp_order_id": null,
            "rp_payment_id": null
        }
    },
    {
        "model": "core.orderitem",
        "pk": 49,
        "fields": {
            "user": 1,
            "ordered": false,
            "item": 3,
            "quantity": 2,
            "rp_order_id": null,
            "rp_payment_id": null
        }
    },
    {
        "model": "core.orderitem",
        "pk": 50,
        "fields": {
            "user": 1,
            "ordered": false,
            "item": 4,
            "quantity": 1,
            "rp_order_id": null,
            "rp_payment_id": null
        }
    },
    {
        "model": "core.orderitem",
        "pk": 51,
        "fields": {
            "user": 1,
            "ordered": false,
            "item": 6,
            "quantity": 1,
            "rp_order_id": null,
            "rp_payment_id": null
        }
    },
    {
        "model": "core.orderitem",
        "pk": 61,
        "fields": {
            "user": 4,
            "ordered": false,
            "item": 3,
            "quantity": 1,
            "rp_order_id": null,
            "rp_payment_id": null
        }
    },
    {
        "model": "core.orderitem",
        "pk": 62,
        "fields": {
            "user": 4,
            "ordered": false,
            "item": 4,
            "quantity": 1,
            "rp_order_id": null,
            "rp_payment_id": null
        }
    },
    {
        "model": "core.orderitem",
        "pk": 63,
        "fields": {
            "user": 4,
            "ordered": false,
            "item": 6,
            "quantity": 1,
            "rp_order_id": null,
            "rp_payment_id": null
        }
    },
    {
        "model": "core.orderitem",
        "pk": 65,
        "fields": {
            "user": 4,
            "ordered": false,
            "item": 4,
            "quantity": 1,
            "rp_order_id": null,
            "rp_payment_id": null
        }
    },
    {
        "model": "core.orderitem",
        "pk": 66,
        "fields": {
            "user": 4,
            "ordered": false,
            "item": 6,
            "quantity": 1,
            "rp_order_id": null,
            "rp_payment_id": null
        }
    },
    {
        "model": "core.orderitem",
        "pk": 67,
        "fields": {
            "user": 4,
            "ordered": false,
            "item": 2,
            "quantity": 1,
            "rp_order_id": null,
            "rp_payment_id": null
        }
    },
    {
        "model": "core.orderitem",
        "pk": 68,
        "fields": {
            "user": 4,
            "ordered": false,
            "item": 3,
            "quantity": 1,
            "rp_order_id": null,
            "rp_payment_id": null
        }
    },
    {
        "model": "core.orderitem",
        "pk": 69,
        "fields": {
            "user": 4,
            "ordered": false,
            "item": 4,
            "quantity": 1,
            "rp_order_id": null,
            "rp_payment_id": null
        }
    },
    {
        "model": "core.orderitem",
        "pk": 70,
        "fields": {
            "user": 2,
            "ordered": false,
            "item": 4,
            "quantity": 1,
            "rp_order_id": null,
            "rp_payment_id": null
        }
    },
    {
        "model": "core.orderitem",
        "pk": 77,
        "fields": {
            "user": 1,
            "ordered": false,
            "item": 4,
            "quantity": 1,
            "rp_order_id": null,
            "rp_payment_id": null
        }
    },
    {
        "model": "core.orderitem",
        "pk": 78,
        "fields": {
            "user": 1,
            "ordered": false,
            "item": 6,
            "quantity": 1,
            "rp_order_id": null,
            "rp_payment_id": null
        }
    },
    {
        "model": "core.orderitem",
        "pk": 79,
        "fields": {
            "user": 1,
            "ordered": false,
            "item": 8,
            "quantity": 1,
            "rp_order_id": null,
            "rp_payment_id": null
        }
    },
    {
        "model": "core.orderitem",
        "pk": 80,
        "fields": {
            "user": 2,
            "ordered": false,
            "item": 8,
            "quantity": 1,
            "rp_order_id": null,
            "rp_payment_id": null
        }
    },
    {
        "model": "core.orderitem",
        "pk": 81,
        "fields": {
            "user": 2,
            "ordered": false,
            "item": 6,
            "quantity": 1,
            "rp_order_id": null,
            "rp_payment_id": null
        }
    },
    {
        "model": "core.orderitem",
        "pk": 82,
        "fields": {
            "user": 2,
            "ordered": false,
            "item": 6,
            "quantity": 1,
            "rp_order_id": null,
            "rp_payment_id": null
        }
    },
    {
        "model": "core.orderitem",
        "pk": 83,
        "fields": {
            "user": 2,
            "ordered": false,
            "item": 6,
            "quantity": 1,
            "rp_order_id": null,
            "rp_payment_id": null
        }
    },
    {
        "model": "core.orderitem",
        "pk": 84,
        "fields": {
            "user": 2,
            "ordered": false,
            "item": 4,
            "quantity": 1,
            "rp_order_id": null,
            "rp_payment_id": null
        }
    },
    {
        "model": "core.orderitem",
        "pk": 85,
        "fields": {
            "user": 2,
            "ordered": false,
            "item": 6,
            "quantity": 1,
            "rp_order_id": null,
            "rp_payment_id": null
        }
    },
    {
        "model": "core.orderitem",
        "pk": 96,
        "fields": {
            "user": 2,
            "ordered": false,
            "item": 2,
            "quantity": 1,
            "rp_order_id": null,
            "rp_payment_id": null
        }
    },
    {
        "model": "core.orderitem",
        "pk": 97,
        "fields": {
            "user": 2,
            "ordered": false,
            "item": 4,
            "quantity": 1,
            "rp_order_id": null,
            "rp_payment_id": null
        }
    },
    {
        "model": "core.orderitem",
        "pk": 98,
        "fields": {
            "user": 2,
            "ordered": false,
            "item": 2,
            "quantity": 1,
            "rp_order_id": null,
            "rp_payment_id": null
        }
    },
    {
        "model": "core.orderitem",
        "pk": 99,
        "fields": {
            "user": 2,
            "ordered": false,
            "item": 4,
            "quantity": 1,
            "rp_order_id": null,
            "rp_payment_id": null
        }
    },
    {
        "model": "core.orderitem",
        "pk": 102,
        "fields": {
            "user": 2,
            "ordered": false,
            "item": 2,
            "quantity": 1,
            "rp_order_id": null,
            "rp_payment_id": null
        }
    },
    {
        "model": "core.orderitem",
        "pk": 103,
        "fields": {
            "user": 2,
            "ordered": false,
            "item": 4,
            "quantity": 1,
            "rp_order_id": null,
            "rp_payment_id": null
        }
    },
    {
        "model": "core.orderitem",
        "pk": 104,
        "fields": {
            "user": 2,
            "ordered": false,
            "item": 2,
            "quantity": 1,
            "rp_order_id": null,
            "rp_payment_id": null
        }
    },
    {
        "model": "core.orderitem",
        "pk": 105,
        "fields": {
            "user": 2,
            "ordered": false,
            "item": 4,
            "quantity": 1,
            "rp_order_id": null,
            "rp_payment_id": null
        }
    },
    {
        "model": "core.orderitem",
        "pk": 106,
        "fields": {
            "user": 2,
            "ordered": false,
            "item": 2,
            "quantity": 1,
            "rp_order_id": null,
            "rp_payment_id": null
        }
    },
    {
        "model": "core.orderitem",
        "pk": 107,
        "fields": {
            "user": 2,
            "ordered": false,
            "item": 4,
            "quantity": 1,
            "rp_order_id": null,
            "rp_payment_id": null
        }
    },
    {
        "model": "core.orderitem",
        "pk": 108,
        "fields": {
            "user": 2,
            "ordered": false,
            "item": 4,
            "quantity": 1,
            "rp_order_id": null,
            "rp_payment_id": null
        }
    },
    {
        "model": "core.orderitem",
        "pk": 109,
        "fields": {
            "user": 2,
            "ordered": false,
            "item": 6,
            "quantity": 1,
            "rp_order_id": null,
            "rp_payment_id": null
        }
    },
    {
        "model": "core.orderitem",
        "pk": 113,
        "fields": {
            "user": 1,
            "ordered": false,
            "item": 4,
            "quantity": 1,
            "rp_order_id": null,
            "rp_payment_id": null
        }
    },
    {
        "model": "core.orderitem",
        "pk": 114,
        "fields": {
            "user": 1,
            "ordered": false,
            "item": 5,
            "quantity": 1,
            "rp_order_id": null,
            "rp_payment_id": null
        }
    },
    {
        "model": "core.orderitem",
        "pk": 115,
        "fields": {
            "user": 1,
            "ordered": false,
            "item": 6,
            "quantity": 1,
            "rp_order_id": null,
            "rp_payment_id": null
        }
    },
    {
        "model": "core.orderitem",
        "pk": 117,
        "fields": {
            "user": null,
            "ordered": false,
            "item": 4,
            "quantity": 1,
            "rp_order_id": null,
            "rp_payment_id": null
        }
    },
    {
        "model": "core.orderitem",
        "pk": 118,
        "fields": {
            "user": null,
            "ordered": false,
            "item": 6,
            "quantity": 1,
            "rp_order_id": null,
            "rp_payment_id": null
        }
    },
    {
        "model": "core.orderitem",
        "pk": 120,
        "fields": {
            "user": null,
            "ordered": false,
            "item": 4,
            "quantity": 1,
            "rp_order_id": null,
            "rp_payment_id": null
        }
    },
    {
        "model": "core.orderitem",
        "pk": 122,
        "fields": {
            "user": null,
            "ordered": false,
            "item": 4,
            "quantity": 1,
            "rp_order_id": null,
            "rp_payment_id": null
        }
    },
    {
        "model": "core.orderitem",
        "pk": 123,
        "fields": {
            "user": null,
            "ordered": false,
            "item": 5,
            "quantity": 1,
            "rp_order_id": null,
            "rp_payment_id": null
        }
    },
    {
        "model": "core.orderitem",
        "pk": 124,
        "fields": {
            "user": null,
            "ordered": false,
            "item": 4,
            "quantity": 1,
            "rp_order_id": null,
            "rp_payment_id": null
        }
    },
    {
        "model": "core.orderitem",
        "pk": 125,
        "fields": {
            "user": null,
            "ordered": false,
            "item": 6,
            "quantity": 1,
            "rp_order_id": null,
            "rp_payment_id": null
        }
    },
    {
        "model": "core.orderitem",
        "pk": 126,
        "fields": {
            "user": null,
            "ordered": false,
            "item": 3,
            "quantity": 1,
            "rp_order_id": null,
            "rp_payment_id": null
        }
    },
    {
        "model": "core.orderitem",
        "pk": 127,
        "fields": {
            "user": null,
            "ordered": false,
            "item": 3,
            "quantity": 1,
            "rp_order_id": null,
            "rp_payment_id": null
        }
    },
    {
        "model": "core.orderitem",
        "pk": 129,
        "fields": {
            "user": null,
            "ordered": false,
            "item": 4,
            "quantity": 1,
            "rp_order_id": null,
            "rp_payment_id": null
        }
    },
    {
        "model": "core.orderitem",
        "pk": 130,
        "fields": {
            "user": null,
            "ordered": false,
            "item": 6,
            "quantity": 1,
            "rp_order_id": null,
            "rp_payment_id": null
        }
    },
    {
        "model": "core.orderitem",
        "pk": 131,
        "fields": {
            "user": null,
            "ordered": false,
            "item": 3,
            "quantity": 1,
            "rp_order_id": null,
            "rp_payment_id": null
        }
    },
    {
        "model": "core.orderitem",
        "pk": 133,
        "fields": {
            "user": 1,
            "ordered": false,
            "item": 5,
            "quantity": 1,
            "rp_order_id": null,
            "rp_payment_id": null
        }
    },
    {
        "model": "core.orderitem",
        "pk": 134,
        "fields": {
            "user": 1,
            "ordered": false,
            "item": 6,
            "quantity": 1,
            "rp_order_id": null,
            "rp_payment_id": null
        }
    },
    {
        "model": "core.orderitem",
        "pk": 135,
        "fields": {
            "user": 1,
            "ordered": false,
            "item": 9,
            "quantity": 3,
            "rp_order_id": null,
            "rp_payment_id": null
        }
    },
    {
        "model": "core.orderitem",
        "pk": 139,
        "fields": {
            "user": null,
            "ordered": false,
            "item": 4,
            "quantity": 1,
            "rp_order_id": null,
            "rp_payment_id": null
        }
    },
    {
        "model": "core.orderitem",
        "pk": 140,
        "fields": {
            "user": null,
            "ordered": false,
            "item": 4,
            "quantity": 1,
            "rp_order_id": null,
            "rp_payment_id": null
        }
    },
    {
        "model": "core.orderitem",
        "pk": 141,
        "fields": {
            "user": null,
            "ordered": false,
            "item": 4,
            "quantity": 1,
            "rp_order_id": null,
            "rp_payment_id": null
        }
    },
    {
        "model": "core.orderitem",
        "pk": 142,
        "fields": {
            "user": null,
            "ordered": false,
            "item": 4,
            "quantity": 1,
            "rp_order_id": null,
            "rp_payment_id": null
        }
    },
    {
        "model": "core.orderitem",
        "pk": 143,
        "fields": {
            "user": null,
            "ordered": false,
            "item": 4,
            "quantity": 1,
            "rp_order_id": null,
            "rp_payment_id": null
        }
    },
    {
        "model": "core.orderitem",
        "pk": 144,
        "fields": {
            "user": null,
            "ordered": false,
            "item": 4,
            "quantity": 1,
            "rp_order_id": null,
            "rp_payment_id": null
        }
    },
    {
        "model": "core.orderitem",
        "pk": 145,
        "fields": {
            "user": null,
            "ordered": false,
            "item": 4,
            "quantity": 1,
            "rp_order_id": null,
            "rp_payment_id": null
        }
    },
    {
        "model": "core.orderitem",
        "pk": 146,
        "fields": {
            "user": null,
            "ordered": false,
            "item": 4,
            "quantity": 1,
            "rp_order_id": null,
            "rp_payment_id": null
        }
    },
    {
        "model": "core.orderitem",
        "pk": 147,
        "fields": {
            "user": null,
            "ordered": false,
            "item": 4,
            "quantity": 1,
            "rp_order_id": null,
            "rp_payment_id": null
        }
    },
    {
        "model": "core.orderitem",
        "pk": 148,
        "fields": {
            "user": null,
            "ordered": false,
            "item": 4,
            "quantity": 1,
            "rp_order_id": null,
            "rp_payment_id": null
        }
    },
    {
        "model": "core.orderitem",
        "pk": 149,
        "fields": {
            "user": null,
            "ordered": false,
            "item": 4,
            "quantity": 1,
            "rp_order_id": null,
            "rp_payment_id": null
        }
    },
    {
        "model": "core.orderitem",
        "pk": 150,
        "fields": {
            "user": null,
            "ordered": false,
            "item": 4,
            "quantity": 1,
            "rp_order_id": null,
            "rp_payment_id": null
        }
    },
    {
        "model": "core.orderitem",
        "pk": 151,
        "fields": {
            "user": null,
            "ordered": false,
            "item": 4,
            "quantity": 1,
            "rp_order_id": null,
            "rp_payment_id": null
        }
    },
    {
        "model": "core.orderitem",
        "pk": 152,
        "fields": {
            "user": null,
            "ordered": false,
            "item": 4,
            "quantity": 1,
            "rp_order_id": null,
            "rp_payment_id": null
        }
    },
    {
        "model": "core.orderitem",
        "pk": 153,
        "fields": {
            "user": null,
            "ordered": false,
            "item": 4,
            "quantity": 1,
            "rp_order_id": null,
            "rp_payment_id": null
        }
    },
    {
        "model": "core.orderitem",
        "pk": 154,
        "fields": {
            "user": null,
            "ordered": false,
            "item": 4,
            "quantity": 1,
            "rp_order_id": null,
            "rp_payment_id": null
        }
    },
    {
        "model": "core.orderitem",
        "pk": 155,
        "fields": {
            "user": null,
            "ordered": false,
            "item": 4,
            "quantity": 1,
            "rp_order_id": null,
            "rp_payment_id": null
        }
    },
    {
        "model": "core.orderitem",
        "pk": 156,
        "fields": {
            "user": null,
            "ordered": false,
            "item": 4,
            "quantity": 1,
            "rp_order_id": null,
            "rp_payment_id": null
        }
    },
    {
        "model": "core.orderitem",
        "pk": 157,
        "fields": {
            "user": null,
            "ordered": false,
            "item": 4,
            "quantity": 1,
            "rp_order_id": null,
            "rp_payment_id": null
        }
    },
    {
        "model": "core.orderitem",
        "pk": 158,
        "fields": {
            "user": null,
            "ordered": false,
            "item": 4,
            "quantity": 1,
            "rp_order_id": null,
            "rp_payment_id": null
        }
    },
    {
        "model": "core.orderitem",
        "pk": 159,
        "fields": {
            "user": null,
            "ordered": false,
            "item": 4,
            "quantity": 1,
            "rp_order_id": null,
            "rp_payment_id": null
        }
    },
    {
        "model": "core.orderitem",
        "pk": 160,
        "fields": {
            "user": null,
            "ordered": false,
            "item": 4,
            "quantity": 1,
            "rp_order_id": null,
            "rp_payment_id": null
        }
    },
    {
        "model": "core.orderitem",
        "pk": 161,
        "fields": {
            "user": null,
            "ordered": false,
            "item": 4,
            "quantity": 1,
            "rp_order_id": null,
            "rp_payment_id": null
        }
    },
    {
        "model": "core.orderitem",
        "pk": 162,
        "fields": {
            "user": null,
            "ordered": false,
            "item": 4,
            "quantity": 1,
            "rp_order_id": null,
            "rp_payment_id": null
        }
    },
    {
        "model": "core.orderitem",
        "pk": 163,
        "fields": {
            "user": null,
            "ordered": false,
            "item": 4,
            "quantity": 1,
            "rp_order_id": null,
            "rp_payment_id": null
        }
    },
    {
        "model": "core.orderitem",
        "pk": 199,
        "fields": {
            "user": null,
            "ordered": false,
            "item": 6,
            "quantity": 1,
            "rp_order_id": null,
            "rp_payment_id": null
        }
    },
    {
        "model": "core.orderitem",
        "pk": 222,
        "fields": {
            "user": 2,
            "ordered": false,
            "item": 3,
            "quantity": 1,
            "rp_order_id": null,
            "rp_payment_id": null
        }
    },
    {
        "model": "core.orderitem",
        "pk": 223,
        "fields": {
            "user": 2,
            "ordered": false,
            "item": 4,
            "quantity": 1,
            "rp_order_id": null,
            "rp_payment_id": null
        }
    },
    {
        "model": "core.orderitem",
        "pk": 224,
        "fields": {
            "user": 2,
            "ordered": false,
            "item": 6,
            "quantity": 1,
            "rp_order_id": null,
            "rp_payment_id": null
        }
    },
    {
        "model": "core.orderitem",
        "pk": 230,
        "fields": {
            "user": 1,
            "ordered": false,
            "item": 3,
            "quantity": 1,
            "rp_order_id": null,
            "rp_payment_id": null
        }
    },
    {
        "model": "core.orderitem",
        "pk": 231,
        "fields": {
            "user": 1,
            "ordered": false,
            "item": 9,
            "quantity": 3,
            "rp_order_id": null,
            "rp_payment_id": null
        }
    },
    {
        "model": "core.orderitem",
        "pk": 234,
        "fields": {
            "user": 1,
            "ordered": false,
            "item": 10,
            "quantity": 1,
            "rp_order_id": null,
            "rp_payment_id": null
        }
    },
    {
        "model": "core.orderitem",
        "pk": 235,
        "fields": {
            "user": 1,
            "ordered": false,
            "item": 2,
            "quantity": 1,
            "rp_order_id": null,
            "rp_payment_id": null
        }
    },
    {
        "model": "core.orderitem",
        "pk": 236,
        "fields": {
            "user": 1,
            "ordered": false,
            "item": 8,
            "quantity": 1,
            "rp_order_id": null,
            "rp_payment_id": null
        }
    },
    {
        "model": "core.orderitem",
        "pk": 237,
        "fields": {
            "user": null,
            "ordered": false,
            "item": 3,
            "quantity": 1,
            "rp_order_id": null,
            "rp_payment_id": null
        }
    },
    {
        "model": "core.orderitem",
        "pk": 238,
        "fields": {
            "user": null,
            "ordered": false,
            "item": 4,
            "quantity": 1,
            "rp_order_id": null,
            "rp_payment_id": null
        }
    },
    {
        "model": "core.orderitem",
        "pk": 239,
        "fields": {
            "user": null,
            "ordered": false,
            "item": 6,
            "quantity": 1,
            "rp_order_id": null,
            "rp_payment_id": null
        }
    },
    {
        "model": "core.orderitem",
        "pk": 240,
        "fields": {
            "user": null,
            "ordered": false,
            "item": 8,
            "quantity": 1,
            "rp_order_id": null,
            "rp_payment_id": null
        }
    },
    {
        "model": "core.orderitem",
        "pk": 241,
        "fields": {
            "user": null,
            "ordered": false,
            "item": 4,
            "quantity": 1,
            "rp_order_id": null,
            "rp_payment_id": null
        }
    },
    {
        "model": "core.orderitem",
        "pk": 242,
        "fields": {
            "user": null,
            "ordered": false,
            "item": 6,
            "quantity": 1,
            "rp_order_id": null,
            "rp_payment_id": null
        }
    },
    {
        "model": "core.table",
        "pk": 1,
        "fields": {
            "name": "Table 1",
            "slug": "table-1",
            "number_of_seats": 3,
            "is_vacent": false,
            "qr_image": "default_qr.jpg"
        }
    },
    {
        "model": "core.table",
        "pk": 2,
        "fields": {
            "name": "Table 2",
            "slug": "table-2",
            "number_of_seats": 4,
            "is_vacent": true,
            "qr_image": "default_qr.jpg"
        }
    },
    {
        "model": "core.table",
        "pk": 3,
        "fields": {
            "name": "Table 3",
            "slug": "table-3",
            "number_of_seats": 4,
            "is_vacent": true,
            "qr_image": "default_qr.jpg"
        }
    },
    {
        "model": "core.table",
        "pk": 4,
        "fields": {
            "name": "Table 4",
            "slug": "table-4",
            "number_of_seats": 2,
            "is_vacent": true,
            "qr_image": "default_qr.jpg"
        }
    },
    {
        "model": "core.table",
        "pk": 5,
        "fields": {
            "name": "Table 5",
            "slug": "table-5",
            "number_of_seats": 3,
            "is_vacent": true,
            "qr_image": "default_qr.jpg"
        }
    },
    {
        "model": "core.table",
        "pk": 6,
        "fields": {
            "name": "Table 6",
            "slug": "table-6",
            "number_of_seats": 10,
            "is_vacent": true,
            "qr_image": "default_qr.jpg"
        }
    },
    {
        "model": "core.tableorder",
        "pk": 8,
        "fields": {
            "amount": 0,
            "table": 1,
            "status": "Completed",
            "is_active": false,
            "timestamp": "2021-07-28T14:35:29.329Z",
            "items": [
                124,
                125,
                127
            ]
        }
    },
    {
        "model": "core.tableorder",
        "pk": 9,
        "fields": {
            "amount": 0,
            "table": 1,
            "status": "Completed",
            "is_active": false,
            "timestamp": "2021-07-28T14:55:58.127Z",
            "items": [
                129,
                130
            ]
        }
    },
    {
        "model": "core.tableorder",
        "pk": 10,
        "fields": {
            "amount": 0,
            "table": 1,
            "status": "Ready",
            "is_active": false,
            "timestamp": "2021-07-30T13:21:30.603Z",
            "items": [
                131
            ]
        }
    },
    {
        "model": "core.tableorder",
        "pk": 11,
        "fields": {
            "amount": 1176,
            "table": 4,
            "status": "Completed",
            "is_active": false,
            "timestamp": "2021-07-31T08:44:28.669Z",
            "items": [
                5,
                6
            ]
        }
    },
    {
        "model": "core.tableorder",
        "pk": 12,
        "fields": {
            "amount": 3277,
            "table": 2,
            "status": "Completed",
            "is_active": false,
            "timestamp": "2021-08-01T12:49:48.926Z",
            "items": [
                139,
                140,
                141,
                142,
                143,
                144,
                145,
                146,
                147,
                148,
                149,
                150,
                151,
                152,
                153,
                154,
                155,
                156,
                157,
                158,
                159,
                160,
                161,
                162,
                163,
                199
            ]
        }
    },
    {
        "model": "core.tableorder",
        "pk": 13,
        "fields": {
            "amount": 925,
            "table": 3,
            "status": "Completed",
            "is_active": false,
            "timestamp": "2021-08-01T12:50:58.737Z",
            "items": [
                65,
                66
            ]
        }
    },
    {
        "model": "core.tableorder",
        "pk": 14,
        "fields": {
            "amount": 2851,
            "table": 6,
            "status": "Completed",
            "is_active": false,
            "timestamp": "2021-08-01T12:52:44.141Z",
            "items": []
        }
    },
    {
        "model": "core.tableorder",
        "pk": 15,
        "fields": {
            "amount": 655,
            "table": 1,
            "status": "Bill Requested",
            "is_active": true,
            "timestamp": "2021-08-20T16:42:33.142Z",
            "items": [
                237,
                238,
                239,
                240,
                241,
                242
            ]
        }
    },
    {
        "model": "core.order",
        "pk": 1,
        "fields": {
            "user": 1,
            "rp_order_id": null,
            "rp_payment_id": null,
            "start_date": "2021-07-15T15:46:24.300Z",
            "ordered_date": "2021-07-18T13:01:54Z",
            "address": 1,
            "payment": null,
            "cash_on_delivery": false,
            "coupon": null,
            "ordered": true,
            "amount": 0,
            "delivery_charge": 0,
            "status": "Delivered",
            "items": [
                33,
                34,
                35
            ]
        }
    },
    {
        "model": "core.order",
        "pk": 4,
        "fields": {
            "user": 2,
            "rp_order_id": null,
            "rp_payment_id": null,
            "start_date": "2021-07-15T16:47:23.501Z",
            "ordered_date": "2021-07-18T12:57:03Z",
            "address": 5,
            "payment": null,
            "cash_on_delivery": true,
            "coupon": null,
            "ordered": true,
            "amount": 0,
            "delivery_charge": 0,
            "status": "Delivered",
            "items": [
                36,
                37
            ]
        }
    },
    {
        "model": "core.order",
        "pk": 5,
        "fields": {
            "user": 6,
            "rp_order_id": null,
            "rp_payment_id": null,
            "start_date": "2021-07-16T12:16:22.806Z",
            "ordered_date": "2021-07-18T13:02:49Z",
            "address": null,
            "payment": null,
            "cash_on_delivery": false,
            "coupon": null,
            "ordered": false,
            "amount": 0,
            "delivery_charge": 0,
            "status": "Created",
            "items": [
                39,
                40
            ]
        }
    },
    {
        "model": "core.order",
        "pk": 6,
        "fields": {
            "user": 2,
            "rp_order_id": null,
            "rp_payment_id": null,
            "start_date": "2021-07-18T17:35:04.755Z",
            "ordered_date": "2021-07-18T18:36:27Z",
            "address": 9,
            "payment": null,
            "cash_on_delivery": true,
            "coupon": null,
            "ordered": true,
            "amount": 128,
            "delivery_charge": 0,
            "status": "Delivered",
            "items": [
                41,
                42
            ]
        }
    },
    {
        "model": "core.order",
        "pk": 7,
        "fields": {
            "user": 2,
            "rp_order_id": null,
            "rp_payment_id": null,
            "start_date": "2021-07-18T18:18:30.656Z",
            "ordered_date": "2021-07-18T18:18:43.944Z",
            "address": 5,
            "payment": null,
            "cash_on_delivery": true,
            "coupon": null,
            "ordered": true,
            "amount": 364,
            "delivery_charge": 0,
            "status": "Dispached",
            "items": [
                43,
                44,
                45,
                46
            ]
        }
    },
    {
        "model": "core.order",
        "pk": 8,
        "fields": {
            "user": 4,
            "rp_order_id": null,
            "rp_payment_id": null,
            "start_date": "2021-07-19T06:22:11.947Z",
            "ordered_date": "2021-07-19T08:16:00.835Z",
            "address": 11,
            "payment": null,
            "cash_on_delivery": true,
            "coupon": null,
            "ordered": true,
            "amount": 58,
            "delivery_charge": 0,
            "status": "Cancelled",
            "items": [
                47
            ]
        }
    },
    {
        "model": "core.order",
        "pk": 9,
        "fields": {
            "user": 4,
            "rp_order_id": null,
            "rp_payment_id": null,
            "start_date": "2021-07-19T08:26:08.618Z",
            "ordered_date": "2021-07-19T11:28:58.560Z",
            "address": 11,
            "payment": null,
            "cash_on_delivery": true,
            "coupon": null,
            "ordered": true,
            "amount": 1133,
            "delivery_charge": 0,
            "status": "Delivered",
            "items": [
                61,
                62,
                63
            ]
        }
    },
    {
        "model": "core.order",
        "pk": 10,
        "fields": {
            "user": 1,
            "rp_order_id": null,
            "rp_payment_id": null,
            "start_date": "2021-07-19T10:59:53.101Z",
            "ordered_date": "2021-07-19T11:00:06.655Z",
            "address": 1,
            "payment": null,
            "cash_on_delivery": true,
            "coupon": null,
            "ordered": true,
            "amount": 1163,
            "delivery_charge": 0,
            "status": "Ordered",
            "items": [
                49,
                50,
                51
            ]
        }
    },
    {
        "model": "core.order",
        "pk": 11,
        "fields": {
            "user": 1,
            "rp_order_id": null,
            "rp_payment_id": null,
            "start_date": "2021-07-19T11:01:01.730Z",
            "ordered_date": "2021-07-24T07:32:00.333Z",
            "address": 1,
            "payment": null,
            "cash_on_delivery": true,
            "coupon": null,
            "ordered": true,
            "amount": 1190,
            "delivery_charge": 0,
            "status": "Ordered",
            "items": [
                77,
                78,
                79
            ]
        }
    },
    {
        "model": "core.order",
        "pk": 12,
        "fields": {
            "user": 4,
            "rp_order_id": null,
            "rp_payment_id": null,
            "start_date": "2021-07-19T11:40:21.755Z",
            "ordered_date": "2021-07-19T11:40:51.408Z",
            "address": 11,
            "payment": null,
            "cash_on_delivery": true,
            "coupon": null,
            "ordered": true,
            "amount": 1103,
            "delivery_charge": 0,
            "status": "Delivered",
            "items": [
                65,
                66
            ]
        }
    },
    {
        "model": "core.order",
        "pk": 13,
        "fields": {
            "user": 4,
            "rp_order_id": null,
            "rp_payment_id": null,
            "start_date": "2021-07-19T12:18:33.329Z",
            "ordered_date": null,
            "address": null,
            "payment": null,
            "cash_on_delivery": false,
            "coupon": null,
            "ordered": false,
            "amount": 0,
            "delivery_charge": 0,
            "status": "Created",
            "items": [
                67,
                68,
                69
            ]
        }
    },
    {
        "model": "core.order",
        "pk": 15,
        "fields": {
            "user": 2,
            "rp_order_id": null,
            "rp_payment_id": null,
            "start_date": "2021-07-24T07:36:48.831Z",
            "ordered_date": "2021-07-24T07:37:51.934Z",
            "address": 5,
            "payment": null,
            "cash_on_delivery": true,
            "coupon": null,
            "ordered": true,
            "amount": 265,
            "delivery_charge": 0,
            "status": "Ordered",
            "items": [
                80
            ]
        }
    },
    {
        "model": "core.order",
        "pk": 16,
        "fields": {
            "user": 2,
            "rp_order_id": null,
            "rp_payment_id": null,
            "start_date": "2021-07-24T07:43:16.318Z",
            "ordered_date": "2021-07-24T07:45:31.720Z",
            "address": 5,
            "payment": null,
            "cash_on_delivery": true,
            "coupon": null,
            "ordered": true,
            "amount": 827,
            "delivery_charge": 0,
            "status": "Ordered",
            "items": [
                81
            ]
        }
    },
    {
        "model": "core.order",
        "pk": 17,
        "fields": {
            "user": 2,
            "rp_order_id": null,
            "rp_payment_id": null,
            "start_date": "2021-07-24T07:46:54.175Z",
            "ordered_date": "2021-07-24T07:47:03.838Z",
            "address": 5,
            "payment": null,
            "cash_on_delivery": true,
            "coupon": null,
            "ordered": true,
            "amount": 827,
            "delivery_charge": 0,
            "status": "Ordered",
            "items": [
                82
            ]
        }
    },
    {
        "model": "core.order",
        "pk": 18,
        "fields": {
            "user": 2,
            "rp_order_id": null,
            "rp_payment_id": null,
            "start_date": "2021-07-24T07:48:14.672Z",
            "ordered_date": "2021-07-24T07:48:25.951Z",
            "address": 5,
            "payment": null,
            "cash_on_delivery": true,
            "coupon": null,
            "ordered": true,
            "amount": 827,
            "delivery_charge": 0,
            "status": "Ordered",
            "items": [
                83
            ]
        }
    },
    {
        "model": "core.order",
        "pk": 19,
        "fields": {
            "user": 2,
            "rp_order_id": null,
            "rp_payment_id": null,
            "start_date": "2021-07-24T07:48:49.149Z",
            "ordered_date": "2021-07-24T07:48:55.515Z",
            "address": 5,
            "payment": null,
            "cash_on_delivery": true,
            "coupon": null,
            "ordered": true,
            "amount": 925,
            "delivery_charge": 0,
            "status": "Ordered",
            "items": [
                84,
                85
            ]
        }
    },
    {
        "model": "core.order",
        "pk": 20,
        "fields": {
            "user": 2,
            "rp_order_id": null,
            "rp_payment_id": null,
            "start_date": "2021-07-24T07:52:15.909Z",
            "ordered_date": "2021-07-26T07:46:26.882Z",
            "address": 5,
            "payment": null,
            "cash_on_delivery": true,
            "coupon": null,
            "ordered": true,
            "amount": 276,
            "delivery_charge": 0,
            "status": "Ordered",
            "items": [
                96,
                97
            ]
        }
    },
    {
        "model": "core.order",
        "pk": 21,
        "fields": {
            "user": 2,
            "rp_order_id": null,
            "rp_payment_id": null,
            "start_date": "2021-07-26T07:48:05.414Z",
            "ordered_date": "2021-07-26T07:48:11.603Z",
            "address": 5,
            "payment": null,
            "cash_on_delivery": true,
            "coupon": null,
            "ordered": true,
            "amount": 276,
            "delivery_charge": 0,
            "status": "Ordered",
            "items": [
                98,
                99
            ]
        }
    },
    {
        "model": "core.order",
        "pk": 22,
        "fields": {
            "user": 2,
            "rp_order_id": null,
            "rp_payment_id": null,
            "start_date": "2021-07-26T07:48:45.343Z",
            "ordered_date": "2021-07-26T07:51:00.782Z",
            "address": 5,
            "payment": null,
            "cash_on_delivery": true,
            "coupon": null,
            "ordered": true,
            "amount": 276,
            "delivery_charge": 0,
            "status": "Delivered",
            "items": [
                102,
                103
            ]
        }
    },
    {
        "model": "core.order",
        "pk": 23,
        "fields": {
            "user": 2,
            "rp_order_id": null,
            "rp_payment_id": null,
            "start_date": "2021-07-26T09:59:13.545Z",
            "ordered_date": "2021-07-26T09:59:16.847Z",
            "address": 5,
            "payment": null,
            "cash_on_delivery": true,
            "coupon": null,
            "ordered": true,
            "amount": 276,
            "delivery_charge": 0,
            "status": "Delivered",
            "items": [
                104,
                105
            ]
        }
    },
    {
        "model": "core.order",
        "pk": 24,
        "fields": {
            "user": 2,
            "rp_order_id": null,
            "rp_payment_id": null,
            "start_date": "2021-07-26T09:59:34.145Z",
            "ordered_date": "2021-07-26T10:00:20.867Z",
            "address": 5,
            "payment": null,
            "cash_on_delivery": true,
            "coupon": null,
            "ordered": true,
            "amount": 276,
            "delivery_charge": 0,
            "status": "Delivered",
            "items": [
                106,
                107
            ]
        }
    },
    {
        "model": "core.order",
        "pk": 25,
        "fields": {
            "user": 2,
            "rp_order_id": null,
            "rp_payment_id": null,
            "start_date": "2021-07-26T10:03:26.524Z",
            "ordered_date": "2021-07-26T10:03:41.623Z",
            "address": 9,
            "payment": null,
            "cash_on_delivery": true,
            "coupon": null,
            "ordered": true,
            "amount": 98,
            "delivery_charge": 0,
            "status": "Delivered",
            "items": [
                108
            ]
        }
    },
    {
        "model": "core.order",
        "pk": 26,
        "fields": {
            "user": 2,
            "rp_order_id": null,
            "rp_payment_id": null,
            "start_date": "2021-07-26T10:04:48.926Z",
            "ordered_date": "2021-07-26T10:04:59.758Z",
            "address": 5,
            "payment": null,
            "cash_on_delivery": true,
            "coupon": null,
            "ordered": true,
            "amount": 827,
            "delivery_charge": 0,
            "status": "Delivered",
            "items": [
                109
            ]
        }
    },
    {
        "model": "core.order",
        "pk": 27,
        "fields": {
            "user": 2,
            "rp_order_id": null,
            "rp_payment_id": null,
            "start_date": "2021-07-26T11:22:02.349Z",
            "ordered_date": null,
            "address": null,
            "payment": null,
            "cash_on_delivery": false,
            "coupon": null,
            "ordered": false,
            "amount": 0,
            "delivery_charge": 0,
            "status": "Cancelled",
            "items": [
                222,
                223,
                224
            ]
        }
    },
    {
        "model": "core.order",
        "pk": 28,
        "fields": {
            "user": 1,
            "rp_order_id": null,
            "rp_payment_id": null,
            "start_date": "2021-07-26T15:23:54.023Z",
            "ordered_date": "2021-07-26T15:24:03.235Z",
            "address": 8,
            "payment": null,
            "cash_on_delivery": true,
            "coupon": null,
            "ordered": true,
            "amount": 1997,
            "delivery_charge": 0,
            "status": "Ordered",
            "items": [
                113,
                114,
                115
            ]
        }
    },
    {
        "model": "core.order",
        "pk": 29,
        "fields": {
            "user": 1,
            "rp_order_id": null,
            "rp_payment_id": null,
            "start_date": "2021-08-01T12:32:14.966Z",
            "ordered_date": "2021-08-01T12:33:27.549Z",
            "address": 8,
            "payment": null,
            "cash_on_delivery": true,
            "coupon": null,
            "ordered": true,
            "amount": 2078,
            "delivery_charge": 0,
            "status": "Delivered",
            "items": [
                133,
                134,
                135
            ]
        }
    },
    {
        "model": "core.order",
        "pk": 30,
        "fields": {
            "user": 1,
            "rp_order_id": null,
            "rp_payment_id": null,
            "start_date": "2021-08-01T12:47:46.755Z",
            "ordered_date": "2021-08-18T12:51:51.470Z",
            "address": 1,
            "payment": null,
            "cash_on_delivery": true,
            "coupon": null,
            "ordered": true,
            "amount": 30,
            "delivery_charge": 0,
            "status": "Ordered",
            "items": [
                230,
                231
            ]
        }
    },
    {
        "model": "core.order",
        "pk": 31,
        "fields": {
            "user": 1,
            "rp_order_id": null,
            "rp_payment_id": null,
            "start_date": "2021-08-18T13:21:49.868Z",
            "ordered_date": "2021-08-18T13:49:59.073Z",
            "address": 1,
            "payment": null,
            "cash_on_delivery": true,
            "coupon": null,
            "ordered": true,
            "amount": 13,
            "delivery_charge": 0,
            "status": "Ordered",
            "items": [
                234
            ]
        }
    },
    {
        "model": "core.order",
        "pk": 32,
        "fields": {
            "user": 1,
            "rp_order_id": null,
            "rp_payment_id": null,
            "start_date": "2021-08-18T13:52:25.509Z",
            "ordered_date": "2021-08-18T13:53:44.650Z",
            "address": 1,
            "payment": null,
            "cash_on_delivery": true,
            "coupon": null,
            "ordered": true,
            "amount": 178,
            "delivery_charge": 0,
            "status": "Delivered",
            "items": [
                235
            ]
        }
    },
    {
        "model": "core.order",
        "pk": 33,
        "fields": {
            "user": 1,
            "rp_order_id": null,
            "rp_payment_id": null,
            "start_date": "2021-08-18T13:57:13.938Z",
            "ordered_date": "2021-08-18T13:57:17.206Z",
            "address": 1,
            "payment": null,
            "cash_on_delivery": true,
            "coupon": null,
            "ordered": true,
            "amount": 265,
            "delivery_charge": 0,
            "status": "Delivered",
            "items": [
                236
            ]
        }
    },
    {
        "model": "core.address",
        "pk": 1,
        "fields": {
            "user": 1,
            "street_address": "sector-B",
            "apartment_address": "226",
            "name": "Test",
            "email": null,
            "phone_number": null,
            "zip": "770032"
        }
    },
    {
        "model": "core.address",
        "pk": 5,
        "fields": {
            "user": 2,
            "street_address": "Near Bank Of India Badagada",
            "apartment_address": "Badadanda Sahi",
            "name": "Balgopal",
            "email": null,
            "phone_number": null,
            "zip": "abcd"
        }
    },
    {
        "model": "core.address",
        "pk": 7,
        "fields": {
            "user": 1,
            "street_address": "Railway colony",
            "apartment_address": "B-226",
            "name": "Priyanshu Kumar Singh",
            "email": null,
            "phone_number": null,
            "zip": "abcd"
        }
    },
    {
        "model": "core.address",
        "pk": 8,
        "fields": {
            "user": 1,
            "street_address": "Railway colony",
            "apartment_address": "B-226",
            "name": "Priyanshu Kumar Singh",
            "email": null,
            "phone_number": null,
            "zip": "abcd"
        }
    },
    {
        "model": "core.address",
        "pk": 9,
        "fields": {
            "user": 2,
            "street_address": "Near Bank of India Badagada",
            "apartment_address": "BADADANDA SAHI, Near Bank",
            "name": "N Balgopal",
            "email": null,
            "phone_number": null,
            "zip": "abcd"
        }
    },
    {
        "model": "core.address",
        "pk": 10,
        "fields": {
            "user": 6,
            "street_address": "C-251",
            "apartment_address": "Janta Niwas Gali",
            "name": "Haise Ali",
            "email": null,
            "phone_number": null,
            "zip": "123452"
        }
    },
    {
        "model": "core.address",
        "pk": 11,
        "fields": {
            "user": 4,
            "street_address": "",
            "apartment_address": "",
            "name": "",
            "email": null,
            "phone_number": null,
            "zip": "abcd"
        }
    },
    {
        "model": "core.address",
        "pk": 12,
        "fields": {
            "user": 4,
            "street_address": "",
            "apartment_address": "",
            "name": "",
            "email": null,
            "phone_number": null,
            "zip": "abcd"
        }
    },
    {
        "model": "core.address",
        "pk": 13,
        "fields": {
            "user": 4,
            "street_address": "",
            "apartment_address": "",
            "name": "",
            "email": null,
            "phone_number": null,
            "zip": "abcd"
        }
    },
    {
        "model": "core.address",
        "pk": 14,
        "fields": {
            "user": 4,
            "street_address": "",
            "apartment_address": "",
            "name": "",
            "email": null,
            "phone_number": null,
            "zip": "abcd"
        }
    },
    {
        "model": "core.address",
        "pk": 15,
        "fields": {
            "user": 4,
            "street_address": "nagar",
            "apartment_address": "Nilachakara",
            "name": "Durgesh Nandan Birmiwal",
            "email": null,
            "phone_number": null,
            "zip": "abcd"
        }
    },
    {
        "model": "core.address",
        "pk": 16,
        "fields": {
            "user": 4,
            "street_address": "nagar",
            "apartment_address": "Nilachakara",
            "name": "Durgesh Nandan Birmiwal",
            "email": null,
            "phone_number": null,
            "zip": "abcd"
        }
    },
    {
        "model": "core.address",
        "pk": 17,
        "fields": {
            "user": 4,
            "street_address": "nagar",
            "apartment_address": "Nilachakara",
            "name": "Durgesh Nandan Birmiwal",
            "email": null,
            "phone_number": null,
            "zip": "abcd"
        }
    },
    {
        "model": "core.address",
        "pk": 18,
        "fields": {
            "user": 4,
            "street_address": "nagar",
            "apartment_address": "Nilachakara",
            "name": "Durgesh Nandan Birmiwal",
            "email": null,
            "phone_number": null,
            "zip": "abcd"
        }
    },
    {
        "model": "core.address",
        "pk": 19,
        "fields": {
            "user": 4,
            "street_address": "nagar",
            "apartment_address": "Nilachakara",
            "name": "Durgesh Nandan Birmiwal",
            "email": null,
            "phone_number": null,
            "zip": "abcd"
        }
    },
    {
        "model": "core.address",
        "pk": 20,
        "fields": {
            "user": 4,
            "street_address": "nagar",
            "apartment_address": "Nilachakara",
            "name": "Durgesh Nandan Birmiwal",
            "email": null,
            "phone_number": null,
            "zip": "abcd"
        }
    },
    {
        "model": "core.address",
        "pk": 21,
        "fields": {
            "user": 4,
            "street_address": "nagar",
            "apartment_address": "Nilachakara",
            "name": "Durgesh Nandan Birmiwal",
            "email": null,
            "phone_number": null,
            "zip": "abcd"
        }
    },
    {
        "model": "core.address",
        "pk": 22,
        "fields": {
            "user": 4,
            "street_address": "nagar",
            "apartment_address": "Nilachakara",
            "name": "Durgesh Nandan Birmiwal",
            "email": null,
            "phone_number": null,
            "zip": "abcd"
        }
    },
    {
        "model": "core.metadata",
        "pk": 1,
        "fields": {
            "name": "RestaurantOpen",
            "status": true
        }
    },
    {
        "model": "admin.logentry",
        "pk": 1,
        "fields": {
            "action_time": "2021-06-16T04:23:46.286Z",
            "user": 1,
            "content_type": 7,
            "object_id": "1",
            "object_repr": "urbantandoor.in",
            "action_flag": 2,
            "change_message": "[{\"changed\": {\"fields\": [\"Domain name\", \"Display name\"]}}]"
        }
    },
    {
        "model": "admin.logentry",
        "pk": 2,
        "fields": {
            "action_time": "2021-06-16T05:58:36.535Z",
            "user": 1,
            "content_type": 4,
            "object_id": "1",
            "object_repr": "PKSingh",
            "action_flag": 2,
            "change_message": "[{\"changed\": {\"fields\": [\"Username\", \"First name\", \"Last name\"]}}]"
        }
    },
    {
        "model": "admin.logentry",
        "pk": 3,
        "fields": {
            "action_time": "2021-06-16T05:59:09.163Z",
            "user": 1,
            "content_type": 4,
            "object_id": "2",
            "object_repr": "BG",
            "action_flag": 1,
            "change_message": "[{\"added\": {}}]"
        }
    },
    {
        "model": "admin.logentry",
        "pk": 4,
        "fields": {
            "action_time": "2021-06-16T05:59:38.095Z",
            "user": 1,
            "content_type": 4,
            "object_id": "2",
            "object_repr": "BG",
            "action_flag": 2,
            "change_message": "[{\"changed\": {\"fields\": [\"First name\", \"Last name\", \"Staff status\", \"Superuser status\"]}}]"
        }
    },
    {
        "model": "admin.logentry",
        "pk": 5,
        "fields": {
            "action_time": "2021-07-07T08:05:32.606Z",
            "user": 2,
            "content_type": 17,
            "object_id": "5",
            "object_repr": "Test 2.0",
            "action_flag": 2,
            "change_message": "[{\"changed\": {\"fields\": [\"Is available\"]}}]"
        }
    },
    {
        "model": "admin.logentry",
        "pk": 6,
        "fields": {
            "action_time": "2021-07-10T10:45:34.925Z",
            "user": 1,
            "content_type": 4,
            "object_id": "3",
            "object_repr": "TestUser1",
            "action_flag": 1,
            "change_message": "[{\"added\": {}}]"
        }
    },
    {
        "model": "admin.logentry",
        "pk": 7,
        "fields": {
            "action_time": "2021-07-15T15:52:05.873Z",
            "user": 2,
            "content_type": 16,
            "object_id": "2",
            "object_repr": "BG",
            "action_flag": 3,
            "change_message": ""
        }
    },
    {
        "model": "admin.logentry",
        "pk": 8,
        "fields": {
            "action_time": "2021-07-15T16:23:31.516Z",
            "user": 2,
            "content_type": 16,
            "object_id": "3",
            "object_repr": "BG",
            "action_flag": 2,
            "change_message": "[{\"changed\": {\"fields\": [\"Ordered date\", \"Ordered\"]}}]"
        }
    },
    {
        "model": "admin.logentry",
        "pk": 9,
        "fields": {
            "action_time": "2021-07-15T16:47:13.571Z",
            "user": 2,
            "content_type": 16,
            "object_id": "3",
            "object_repr": "BG",
            "action_flag": 2,
            "change_message": "[]"
        }
    },
    {
        "model": "admin.logentry",
        "pk": 10,
        "fields": {
            "action_time": "2021-07-15T16:48:01.941Z",
            "user": 2,
            "content_type": 16,
            "object_id": "3",
            "object_repr": "BG",
            "action_flag": 3,
            "change_message": ""
        }
    },
    {
        "model": "admin.logentry",
        "pk": 11,
        "fields": {
            "action_time": "2021-07-15T19:37:16.759Z",
            "user": 2,
            "content_type": 15,
            "object_id": "2",
            "object_repr": "BG",
            "action_flag": 2,
            "change_message": "[{\"changed\": {\"fields\": [\"Name\"]}}]"
        }
    },
    {
        "model": "admin.logentry",
        "pk": 12,
        "fields": {
            "action_time": "2021-07-15T19:59:38.854Z",
            "user": 2,
            "content_type": 15,
            "object_id": "4",
            "object_repr": "BG",
            "action_flag": 3,
            "change_message": ""
        }
    },
    {
        "model": "admin.logentry",
        "pk": 13,
        "fields": {
            "action_time": "2021-07-15T19:59:38.858Z",
            "user": 2,
            "content_type": 15,
            "object_id": "3",
            "object_repr": "BG",
            "action_flag": 3,
            "change_message": ""
        }
    },
    {
        "model": "admin.logentry",
        "pk": 14,
        "fields": {
            "action_time": "2021-07-15T19:59:38.860Z",
            "user": 2,
            "content_type": 15,
            "object_id": "2",
            "object_repr": "BG",
            "action_flag": 3,
            "change_message": ""
        }
    },
    {
        "model": "admin.logentry",
        "pk": 15,
        "fields": {
            "action_time": "2021-07-15T20:05:03.177Z",
            "user": 2,
            "content_type": 15,
            "object_id": "6",
            "object_repr": "BG",
            "action_flag": 2,
            "change_message": "[{\"changed\": {\"fields\": [\"Street address\", \"Name\", \"Zip\"]}}]"
        }
    },
    {
        "model": "admin.logentry",
        "pk": 16,
        "fields": {
            "action_time": "2021-07-15T20:06:28.518Z",
            "user": 2,
            "content_type": 15,
            "object_id": "6",
            "object_repr": "BG",
            "action_flag": 3,
            "change_message": ""
        }
    },
    {
        "model": "admin.logentry",
        "pk": 17,
        "fields": {
            "action_time": "2021-07-15T20:07:00.281Z",
            "user": 2,
            "content_type": 15,
            "object_id": "5",
            "object_repr": "BG",
            "action_flag": 2,
            "change_message": "[{\"changed\": {\"fields\": [\"Name\"]}}]"
        }
    },
    {
        "model": "admin.logentry",
        "pk": 18,
        "fields": {
            "action_time": "2021-07-16T06:25:46.525Z",
            "user": 2,
            "content_type": 4,
            "object_id": "2",
            "object_repr": "BG",
            "action_flag": 2,
            "change_message": "[{\"changed\": {\"fields\": [\"Email address\"]}}]"
        }
    },
    {
        "model": "admin.logentry",
        "pk": 19,
        "fields": {
            "action_time": "2021-07-16T11:44:05.238Z",
            "user": 1,
            "content_type": 4,
            "object_id": "5",
            "object_repr": "HaiderAli",
            "action_flag": 3,
            "change_message": ""
        }
    },
    {
        "model": "admin.logentry",
        "pk": 20,
        "fields": {
            "action_time": "2021-07-18T12:57:19.705Z",
            "user": 2,
            "content_type": 16,
            "object_id": "4",
            "object_repr": "BG",
            "action_flag": 2,
            "change_message": "[{\"changed\": {\"fields\": [\"Ordered date\", \"Address\"]}}]"
        }
    },
    {
        "model": "admin.logentry",
        "pk": 21,
        "fields": {
            "action_time": "2021-07-18T12:57:38.160Z",
            "user": 2,
            "content_type": 16,
            "object_id": "4",
            "object_repr": "BG",
            "action_flag": 2,
            "change_message": "[{\"changed\": {\"fields\": [\"Cash on delivery\"]}}]"
        }
    },
    {
        "model": "admin.logentry",
        "pk": 22,
        "fields": {
            "action_time": "2021-07-18T12:57:55.773Z",
            "user": 2,
            "content_type": 16,
            "object_id": "4",
            "object_repr": "BG",
            "action_flag": 2,
            "change_message": "[{\"changed\": {\"fields\": [\"Ordered\"]}}]"
        }
    },
    {
        "model": "admin.logentry",
        "pk": 23,
        "fields": {
            "action_time": "2021-07-18T12:58:23.608Z",
            "user": 2,
            "content_type": 16,
            "object_id": "4",
            "object_repr": "BG",
            "action_flag": 2,
            "change_message": "[{\"changed\": {\"fields\": [\"Ordered\"]}}]"
        }
    },
    {
        "model": "admin.logentry",
        "pk": 24,
        "fields": {
            "action_time": "2021-07-18T13:01:03.806Z",
            "user": 2,
            "content_type": 16,
            "object_id": "4",
            "object_repr": "BG",
            "action_flag": 2,
            "change_message": "[{\"changed\": {\"fields\": [\"Ordered\"]}}]"
        }
    },
    {
        "model": "admin.logentry",
        "pk": 25,
        "fields": {
            "action_time": "2021-07-18T13:01:58.193Z",
            "user": 1,
            "content_type": 16,
            "object_id": "1",
            "object_repr": "PKSingh",
            "action_flag": 2,
            "change_message": "[{\"changed\": {\"fields\": [\"Ordered date\", \"Ordered\"]}}]"
        }
    },
    {
        "model": "admin.logentry",
        "pk": 26,
        "fields": {
            "action_time": "2021-07-18T13:02:53.161Z",
            "user": 1,
            "content_type": 16,
            "object_id": "5",
            "object_repr": "HaiderAli",
            "action_flag": 2,
            "change_message": "[{\"changed\": {\"fields\": [\"Ordered date\", \"Ordered\"]}}]"
        }
    },
    {
        "model": "admin.logentry",
        "pk": 27,
        "fields": {
            "action_time": "2021-07-18T13:06:59.015Z",
            "user": 1,
            "content_type": 15,
            "object_id": "10",
            "object_repr": "HaiderAli",
            "action_flag": 1,
            "change_message": "[{\"added\": {}}]"
        }
    },
    {
        "model": "admin.logentry",
        "pk": 28,
        "fields": {
            "action_time": "2021-07-18T13:09:37.524Z",
            "user": 2,
            "content_type": 16,
            "object_id": "4",
            "object_repr": "BG",
            "action_flag": 2,
            "change_message": "[{\"changed\": {\"fields\": [\"Status\"]}}]"
        }
    },
    {
        "model": "admin.logentry",
        "pk": 29,
        "fields": {
            "action_time": "2021-07-18T13:27:13.408Z",
            "user": 2,
            "content_type": 16,
            "object_id": "1",
            "object_repr": "PKSingh",
            "action_flag": 2,
            "change_message": "[{\"changed\": {\"fields\": [\"Address\"]}}]"
        }
    },
    {
        "model": "admin.logentry",
        "pk": 30,
        "fields": {
            "action_time": "2021-07-18T13:27:13.651Z",
            "user": 2,
            "content_type": 16,
            "object_id": "1",
            "object_repr": "PKSingh",
            "action_flag": 2,
            "change_message": "[]"
        }
    },
    {
        "model": "admin.logentry",
        "pk": 31,
        "fields": {
            "action_time": "2021-07-18T13:27:22.467Z",
            "user": 2,
            "content_type": 16,
            "object_id": "5",
            "object_repr": "HaiderAli",
            "action_flag": 2,
            "change_message": "[{\"changed\": {\"fields\": [\"Ordered\"]}}]"
        }
    },
    {
        "model": "admin.logentry",
        "pk": 32,
        "fields": {
            "action_time": "2021-07-18T13:29:36.987Z",
            "user": 2,
            "content_type": 16,
            "object_id": "1",
            "object_repr": "PKSingh",
            "action_flag": 2,
            "change_message": "[{\"changed\": {\"fields\": [\"Status\"]}}]"
        }
    },
    {
        "model": "admin.logentry",
        "pk": 33,
        "fields": {
            "action_time": "2021-07-18T18:36:29.913Z",
            "user": 2,
            "content_type": 16,
            "object_id": "6",
            "object_repr": "BG",
            "action_flag": 2,
            "change_message": "[{\"changed\": {\"fields\": [\"Ordered date\"]}}]"
        }
    },
    {
        "model": "admin.logentry",
        "pk": 34,
        "fields": {
            "action_time": "2021-07-19T05:53:39.843Z",
            "user": 1,
            "content_type": 4,
            "object_id": "4",
            "object_repr": "Durgeshagrawal38@gmail.com",
            "action_flag": 2,
            "change_message": "[{\"changed\": {\"fields\": [\"Staff status\", \"Superuser status\"]}}]"
        }
    },
    {
        "model": "admin.logentry",
        "pk": 35,
        "fields": {
            "action_time": "2021-07-19T07:57:04.642Z",
            "user": 4,
            "content_type": 24,
            "object_id": "1",
            "object_repr": "RestaurantOpen",
            "action_flag": 2,
            "change_message": "[{\"changed\": {\"fields\": [\"Status\"]}}]"
        }
    },
    {
        "model": "admin.logentry",
        "pk": 36,
        "fields": {
            "action_time": "2021-07-19T07:57:40.514Z",
            "user": 4,
            "content_type": 24,
            "object_id": "1",
            "object_repr": "RestaurantOpen",
            "action_flag": 2,
            "change_message": "[{\"changed\": {\"fields\": [\"Status\"]}}]"
        }
    },
    {
        "model": "admin.logentry",
        "pk": 37,
        "fields": {
            "action_time": "2021-07-19T08:07:01.441Z",
            "user": 4,
            "content_type": 24,
            "object_id": "1",
            "object_repr": "RestaurantOpen",
            "action_flag": 2,
            "change_message": "[{\"changed\": {\"fields\": [\"Status\"]}}]"
        }
    },
    {
        "model": "admin.logentry",
        "pk": 38,
        "fields": {
            "action_time": "2021-07-24T06:42:55.275Z",
            "user": 1,
            "content_type": 24,
            "object_id": "1",
            "object_repr": "RestaurantOpen",
            "action_flag": 2,
            "change_message": "[{\"changed\": {\"fields\": [\"Status\"]}}]"
        }
    },
    {
        "model": "admin.logentry",
        "pk": 39,
        "fields": {
            "action_time": "2021-07-24T06:46:35.454Z",
            "user": 1,
            "content_type": 24,
            "object_id": "1",
            "object_repr": "RestaurantOpen",
            "action_flag": 2,
            "change_message": "[{\"changed\": {\"fields\": [\"Status\"]}}]"
        }
    },
    {
        "model": "admin.logentry",
        "pk": 40,
        "fields": {
            "action_time": "2021-07-24T06:46:41.988Z",
            "user": 2,
            "content_type": 24,
            "object_id": "1",
            "object_repr": "RestaurantOpen",
            "action_flag": 2,
            "change_message": "[]"
        }
    },
    {
        "model": "admin.logentry",
        "pk": 41,
        "fields": {
            "action_time": "2021-07-24T06:49:46.576Z",
            "user": 1,
            "content_type": 16,
            "object_id": "14",
            "object_repr": "BG",
            "action_flag": 3,
            "change_message": ""
        }
    },
    {
        "model": "admin.logentry",
        "pk": 42,
        "fields": {
            "action_time": "2021-07-28T12:28:58.206Z",
            "user": 1,
            "content_type": 25,
            "object_id": "1",
            "object_repr": "Table 1",
            "action_flag": 1,
            "change_message": "[{\"added\": {}}]"
        }
    },
    {
        "model": "admin.logentry",
        "pk": 43,
        "fields": {
            "action_time": "2021-07-28T12:29:23.643Z",
            "user": 1,
            "content_type": 25,
            "object_id": "2",
            "object_repr": "Table 2",
            "action_flag": 1,
            "change_message": "[{\"added\": {}}]"
        }
    },
    {
        "model": "admin.logentry",
        "pk": 44,
        "fields": {
            "action_time": "2021-07-28T12:29:39.080Z",
            "user": 1,
            "content_type": 25,
            "object_id": "3",
            "object_repr": "Table 3",
            "action_flag": 1,
            "change_message": "[{\"added\": {}}]"
        }
    },
    {
        "model": "admin.logentry",
        "pk": 45,
        "fields": {
            "action_time": "2021-07-28T12:29:50.852Z",
            "user": 1,
            "content_type": 25,
            "object_id": "4",
            "object_repr": "Table 4",
            "action_flag": 1,
            "change_message": "[{\"added\": {}}]"
        }
    },
    {
        "model": "admin.logentry",
        "pk": 46,
        "fields": {
            "action_time": "2021-07-28T13:30:38.578Z",
            "user": 2,
            "content_type": 20,
            "object_id": "6",
            "object_repr": "Test Category",
            "action_flag": 3,
            "change_message": ""
        }
    },
    {
        "model": "admin.logentry",
        "pk": 47,
        "fields": {
            "action_time": "2021-07-28T13:30:38.740Z",
            "user": 2,
            "content_type": 20,
            "object_id": "5",
            "object_repr": "Mo echa jaha heba",
            "action_flag": 3,
            "change_message": ""
        }
    },
    {
        "model": "admin.logentry",
        "pk": 48,
        "fields": {
            "action_time": "2021-07-28T13:34:33.780Z",
            "user": 2,
            "content_type": 20,
            "object_id": "4",
            "object_repr": "Breakfast",
            "action_flag": 3,
            "change_message": ""
        }
    },
    {
        "model": "admin.logentry",
        "pk": 49,
        "fields": {
            "action_time": "2021-07-28T14:09:09.336Z",
            "user": 1,
            "content_type": 26,
            "object_id": "5",
            "object_repr": "Table 1",
            "action_flag": 3,
            "change_message": ""
        }
    },
    {
        "model": "admin.logentry",
        "pk": 50,
        "fields": {
            "action_time": "2021-07-28T14:09:09.493Z",
            "user": 1,
            "content_type": 26,
            "object_id": "4",
            "object_repr": "Table 1",
            "action_flag": 3,
            "change_message": ""
        }
    },
    {
        "model": "admin.logentry",
        "pk": 51,
        "fields": {
            "action_time": "2021-07-28T14:09:09.647Z",
            "user": 1,
            "content_type": 26,
            "object_id": "3",
            "object_repr": "Table 1",
            "action_flag": 3,
            "change_message": ""
        }
    },
    {
        "model": "admin.logentry",
        "pk": 52,
        "fields": {
            "action_time": "2021-07-28T14:09:09.802Z",
            "user": 1,
            "content_type": 26,
            "object_id": "2",
            "object_repr": "Table 1",
            "action_flag": 3,
            "change_message": ""
        }
    },
    {
        "model": "admin.logentry",
        "pk": 53,
        "fields": {
            "action_time": "2021-07-28T14:30:05.396Z",
            "user": 1,
            "content_type": 26,
            "object_id": "7",
            "object_repr": "Table 1",
            "action_flag": 3,
            "change_message": ""
        }
    },
    {
        "model": "admin.logentry",
        "pk": 54,
        "fields": {
            "action_time": "2021-07-28T14:30:05.562Z",
            "user": 1,
            "content_type": 26,
            "object_id": "6",
            "object_repr": "Table 1",
            "action_flag": 3,
            "change_message": ""
        }
    },
    {
        "model": "admin.logentry",
        "pk": 55,
        "fields": {
            "action_time": "2021-07-28T14:52:06.963Z",
            "user": 1,
            "content_type": 26,
            "object_id": "8",
            "object_repr": "Table 1",
            "action_flag": 2,
            "change_message": "[{\"changed\": {\"fields\": [\"Status\", \"Is active\"]}}]"
        }
    },
    {
        "model": "admin.logentry",
        "pk": 56,
        "fields": {
            "action_time": "2021-07-28T14:52:30.260Z",
            "user": 1,
            "content_type": 25,
            "object_id": "1",
            "object_repr": "Table 1",
            "action_flag": 2,
            "change_message": "[{\"changed\": {\"fields\": [\"Is vacent\"]}}]"
        }
    },
    {
        "model": "admin.logentry",
        "pk": 57,
        "fields": {
            "action_time": "2021-07-31T08:44:29.153Z",
            "user": 1,
            "content_type": 26,
            "object_id": "11",
            "object_repr": "Table 4",
            "action_flag": 1,
            "change_message": "[{\"added\": {}}]"
        }
    },
    {
        "model": "admin.logentry",
        "pk": 58,
        "fields": {
            "action_time": "2021-07-31T10:46:39.135Z",
            "user": 1,
            "content_type": 26,
            "object_id": "10",
            "object_repr": "Table 1",
            "action_flag": 2,
            "change_message": "[{\"changed\": {\"fields\": [\"Is active\"]}}]"
        }
    },
    {
        "model": "admin.logentry",
        "pk": 59,
        "fields": {
            "action_time": "2021-08-01T12:43:21.244Z",
            "user": 1,
            "content_type": 20,
            "object_id": "20",
            "object_repr": "Sweets",
            "action_flag": 3,
            "change_message": ""
        }
    },
    {
        "model": "admin.logentry",
        "pk": 60,
        "fields": {
            "action_time": "2021-08-01T12:43:21.248Z",
            "user": 1,
            "content_type": 20,
            "object_id": "19",
            "object_repr": "Sweets",
            "action_flag": 3,
            "change_message": ""
        }
    },
    {
        "model": "admin.logentry",
        "pk": 61,
        "fields": {
            "action_time": "2021-08-01T12:43:21.251Z",
            "user": 1,
            "content_type": 20,
            "object_id": "18",
            "object_repr": "Sweets",
            "action_flag": 3,
            "change_message": ""
        }
    },
    {
        "model": "admin.logentry",
        "pk": 62,
        "fields": {
            "action_time": "2021-08-01T12:43:21.253Z",
            "user": 1,
            "content_type": 20,
            "object_id": "17",
            "object_repr": "Sweets",
            "action_flag": 3,
            "change_message": ""
        }
    },
    {
        "model": "admin.logentry",
        "pk": 63,
        "fields": {
            "action_time": "2021-08-01T12:43:21.256Z",
            "user": 1,
            "content_type": 20,
            "object_id": "16",
            "object_repr": "Sweets",
            "action_flag": 3,
            "change_message": ""
        }
    },
    {
        "model": "admin.logentry",
        "pk": 64,
        "fields": {
            "action_time": "2021-08-01T12:43:21.258Z",
            "user": 1,
            "content_type": 20,
            "object_id": "15",
            "object_repr": "Sweets",
            "action_flag": 3,
            "change_message": ""
        }
    },
    {
        "model": "admin.logentry",
        "pk": 65,
        "fields": {
            "action_time": "2021-08-01T12:43:21.260Z",
            "user": 1,
            "content_type": 20,
            "object_id": "14",
            "object_repr": "Sweets",
            "action_flag": 3,
            "change_message": ""
        }
    },
    {
        "model": "admin.logentry",
        "pk": 66,
        "fields": {
            "action_time": "2021-08-01T12:43:21.261Z",
            "user": 1,
            "content_type": 20,
            "object_id": "13",
            "object_repr": "Sweets",
            "action_flag": 3,
            "change_message": ""
        }
    },
    {
        "model": "admin.logentry",
        "pk": 67,
        "fields": {
            "action_time": "2021-08-01T12:43:21.263Z",
            "user": 1,
            "content_type": 20,
            "object_id": "12",
            "object_repr": "Sweets",
            "action_flag": 3,
            "change_message": ""
        }
    },
    {
        "model": "admin.logentry",
        "pk": 68,
        "fields": {
            "action_time": "2021-08-01T12:43:21.264Z",
            "user": 1,
            "content_type": 20,
            "object_id": "11",
            "object_repr": "Sweets",
            "action_flag": 3,
            "change_message": ""
        }
    },
    {
        "model": "admin.logentry",
        "pk": 69,
        "fields": {
            "action_time": "2021-08-01T12:43:21.266Z",
            "user": 1,
            "content_type": 20,
            "object_id": "10",
            "object_repr": "Sweets",
            "action_flag": 3,
            "change_message": ""
        }
    },
    {
        "model": "admin.logentry",
        "pk": 70,
        "fields": {
            "action_time": "2021-08-01T12:43:21.267Z",
            "user": 1,
            "content_type": 20,
            "object_id": "9",
            "object_repr": "Sweets",
            "action_flag": 3,
            "change_message": ""
        }
    },
    {
        "model": "admin.logentry",
        "pk": 71,
        "fields": {
            "action_time": "2021-08-01T12:43:21.269Z",
            "user": 1,
            "content_type": 20,
            "object_id": "8",
            "object_repr": "Sweets",
            "action_flag": 3,
            "change_message": ""
        }
    },
    {
        "model": "admin.logentry",
        "pk": 72,
        "fields": {
            "action_time": "2021-08-10T05:51:41.797Z",
            "user": 1,
            "content_type": 17,
            "object_id": "1",
            "object_repr": "Biriyani",
            "action_flag": 3,
            "change_message": ""
        }
    },
    {
        "model": "admin.logentry",
        "pk": 73,
        "fields": {
            "action_time": "2021-08-15T02:12:21.256Z",
            "user": 1,
            "content_type": 26,
            "object_id": "13",
            "object_repr": "Table 3",
            "action_flag": 2,
            "change_message": "[{\"changed\": {\"fields\": [\"Items\", \"Status\", \"Is active\"]}}]"
        }
    },
    {
        "model": "admin.logentry",
        "pk": 74,
        "fields": {
            "action_time": "2021-08-15T02:25:51.591Z",
            "user": 1,
            "content_type": 20,
            "object_id": "21",
            "object_repr": "Some new category",
            "action_flag": 3,
            "change_message": ""
        }
    },
    {
        "model": "admin.logentry",
        "pk": 75,
        "fields": {
            "action_time": "2021-08-20T16:41:21.618Z",
            "user": 1,
            "content_type": 25,
            "object_id": "1",
            "object_repr": "Table 1",
            "action_flag": 2,
            "change_message": "[{\"changed\": {\"fields\": [\"Is vacent\"]}}]"
        }
    },
    {
        "model": "admin.logentry",
        "pk": 76,
        "fields": {
            "action_time": "2021-08-24T19:50:40.824Z",
            "user": 2,
            "content_type": 20,
            "object_id": "33",
            "object_repr": "645\\",
            "action_flag": 3,
            "change_message": ""
        }
    },
    {
        "model": "admin.logentry",
        "pk": 77,
        "fields": {
            "action_time": "2021-08-24T19:50:40.827Z",
            "user": 2,
            "content_type": 20,
            "object_id": "32",
            "object_repr": "645",
            "action_flag": 3,
            "change_message": ""
        }
    },
    {
        "model": "admin.logentry",
        "pk": 78,
        "fields": {
            "action_time": "2021-08-24T19:50:40.829Z",
            "user": 2,
            "content_type": 20,
            "object_id": "31",
            "object_repr": "2644",
            "action_flag": 3,
            "change_message": ""
        }
    },
    {
        "model": "admin.logentry",
        "pk": 79,
        "fields": {
            "action_time": "2021-08-24T19:50:40.831Z",
            "user": 2,
            "content_type": 20,
            "object_id": "30",
            "object_repr": "bcsbjs",
            "action_flag": 3,
            "change_message": ""
        }
    },
    {
        "model": "admin.logentry",
        "pk": 80,
        "fields": {
            "action_time": "2021-08-24T19:50:40.832Z",
            "user": 2,
            "content_type": 20,
            "object_id": "29",
            "object_repr": "test gain",
            "action_flag": 3,
            "change_message": ""
        }
    },
    {
        "model": "admin.logentry",
        "pk": 81,
        "fields": {
            "action_time": "2021-08-24T19:50:40.834Z",
            "user": 2,
            "content_type": 20,
            "object_id": "28",
            "object_repr": "test final",
            "action_flag": 3,
            "change_message": ""
        }
    },
    {
        "model": "admin.logentry",
        "pk": 82,
        "fields": {
            "action_time": "2021-08-24T19:50:40.835Z",
            "user": 2,
            "content_type": 20,
            "object_id": "27",
            "object_repr": "test 8",
            "action_flag": 3,
            "change_message": ""
        }
    },
    {
        "model": "admin.logentry",
        "pk": 83,
        "fields": {
            "action_time": "2021-08-24T19:50:40.836Z",
            "user": 2,
            "content_type": 20,
            "object_id": "26",
            "object_repr": "test5",
            "action_flag": 3,
            "change_message": ""
        }
    },
    {
        "model": "admin.logentry",
        "pk": 84,
        "fields": {
            "action_time": "2021-08-24T19:50:40.837Z",
            "user": 2,
            "content_type": 20,
            "object_id": "25",
            "object_repr": "test4",
            "action_flag": 3,
            "change_message": ""
        }
    },
    {
        "model": "admin.logentry",
        "pk": 85,
        "fields": {
            "action_time": "2021-08-24T19:50:40.839Z",
            "user": 2,
            "content_type": 20,
            "object_id": "24",
            "object_repr": "test3",
            "action_flag": 3,
            "change_message": ""
        }
    },
    {
        "model": "admin.logentry",
        "pk": 86,
        "fields": {
            "action_time": "2021-08-24T19:50:40.840Z",
            "user": 2,
            "content_type": 20,
            "object_id": "23",
            "object_repr": "test2",
            "action_flag": 3,
            "change_message": ""
        }
    },
    {
        "model": "admin.logentry",
        "pk": 87,
        "fields": {
            "action_time": "2021-08-24T19:50:40.841Z",
            "user": 2,
            "content_type": 20,
            "object_id": "22",
            "object_repr": "test",
            "action_flag": 3,
            "change_message": ""
        }
    },
    {
        "model": "auth.permission",
        "pk": 1,
        "fields": {
            "name": "Can add log entry",
            "content_type": 1,
            "codename": "add_logentry"
        }
    },
    {
        "model": "auth.permission",
        "pk": 2,
        "fields": {
            "name": "Can change log entry",
            "content_type": 1,
            "codename": "change_logentry"
        }
    },
    {
        "model": "auth.permission",
        "pk": 3,
        "fields": {
            "name": "Can delete log entry",
            "content_type": 1,
            "codename": "delete_logentry"
        }
    },
    {
        "model": "auth.permission",
        "pk": 4,
        "fields": {
            "name": "Can view log entry",
            "content_type": 1,
            "codename": "view_logentry"
        }
    },
    {
        "model": "auth.permission",
        "pk": 5,
        "fields": {
            "name": "Can add permission",
            "content_type": 2,
            "codename": "add_permission"
        }
    },
    {
        "model": "auth.permission",
        "pk": 6,
        "fields": {
            "name": "Can change permission",
            "content_type": 2,
            "codename": "change_permission"
        }
    },
    {
        "model": "auth.permission",
        "pk": 7,
        "fields": {
            "name": "Can delete permission",
            "content_type": 2,
            "codename": "delete_permission"
        }
    },
    {
        "model": "auth.permission",
        "pk": 8,
        "fields": {
            "name": "Can view permission",
            "content_type": 2,
            "codename": "view_permission"
        }
    },
    {
        "model": "auth.permission",
        "pk": 9,
        "fields": {
            "name": "Can add group",
            "content_type": 3,
            "codename": "add_group"
        }
    },
    {
        "model": "auth.permission",
        "pk": 10,
        "fields": {
            "name": "Can change group",
            "content_type": 3,
            "codename": "change_group"
        }
    },
    {
        "model": "auth.permission",
        "pk": 11,
        "fields": {
            "name": "Can delete group",
            "content_type": 3,
            "codename": "delete_group"
        }
    },
    {
        "model": "auth.permission",
        "pk": 12,
        "fields": {
            "name": "Can view group",
            "content_type": 3,
            "codename": "view_group"
        }
    },
    {
        "model": "auth.permission",
        "pk": 13,
        "fields": {
            "name": "Can add user",
            "content_type": 4,
            "codename": "add_user"
        }
    },
    {
        "model": "auth.permission",
        "pk": 14,
        "fields": {
            "name": "Can change user",
            "content_type": 4,
            "codename": "change_user"
        }
    },
    {
        "model": "auth.permission",
        "pk": 15,
        "fields": {
            "name": "Can delete user",
            "content_type": 4,
            "codename": "delete_user"
        }
    },
    {
        "model": "auth.permission",
        "pk": 16,
        "fields": {
            "name": "Can view user",
            "content_type": 4,
            "codename": "view_user"
        }
    },
    {
        "model": "auth.permission",
        "pk": 17,
        "fields": {
            "name": "Can add content type",
            "content_type": 5,
            "codename": "add_contenttype"
        }
    },
    {
        "model": "auth.permission",
        "pk": 18,
        "fields": {
            "name": "Can change content type",
            "content_type": 5,
            "codename": "change_contenttype"
        }
    },
    {
        "model": "auth.permission",
        "pk": 19,
        "fields": {
            "name": "Can delete content type",
            "content_type": 5,
            "codename": "delete_contenttype"
        }
    },
    {
        "model": "auth.permission",
        "pk": 20,
        "fields": {
            "name": "Can view content type",
            "content_type": 5,
            "codename": "view_contenttype"
        }
    },
    {
        "model": "auth.permission",
        "pk": 21,
        "fields": {
            "name": "Can add session",
            "content_type": 6,
            "codename": "add_session"
        }
    },
    {
        "model": "auth.permission",
        "pk": 22,
        "fields": {
            "name": "Can change session",
            "content_type": 6,
            "codename": "change_session"
        }
    },
    {
        "model": "auth.permission",
        "pk": 23,
        "fields": {
            "name": "Can delete session",
            "content_type": 6,
            "codename": "delete_session"
        }
    },
    {
        "model": "auth.permission",
        "pk": 24,
        "fields": {
            "name": "Can view session",
            "content_type": 6,
            "codename": "view_session"
        }
    },
    {
        "model": "auth.permission",
        "pk": 25,
        "fields": {
            "name": "Can add site",
            "content_type": 7,
            "codename": "add_site"
        }
    },
    {
        "model": "auth.permission",
        "pk": 26,
        "fields": {
            "name": "Can change site",
            "content_type": 7,
            "codename": "change_site"
        }
    },
    {
        "model": "auth.permission",
        "pk": 27,
        "fields": {
            "name": "Can delete site",
            "content_type": 7,
            "codename": "delete_site"
        }
    },
    {
        "model": "auth.permission",
        "pk": 28,
        "fields": {
            "name": "Can view site",
            "content_type": 7,
            "codename": "view_site"
        }
    },
    {
        "model": "auth.permission",
        "pk": 29,
        "fields": {
            "name": "Can add email address",
            "content_type": 8,
            "codename": "add_emailaddress"
        }
    },
    {
        "model": "auth.permission",
        "pk": 30,
        "fields": {
            "name": "Can change email address",
            "content_type": 8,
            "codename": "change_emailaddress"
        }
    },
    {
        "model": "auth.permission",
        "pk": 31,
        "fields": {
            "name": "Can delete email address",
            "content_type": 8,
            "codename": "delete_emailaddress"
        }
    },
    {
        "model": "auth.permission",
        "pk": 32,
        "fields": {
            "name": "Can view email address",
            "content_type": 8,
            "codename": "view_emailaddress"
        }
    },
    {
        "model": "auth.permission",
        "pk": 33,
        "fields": {
            "name": "Can add email confirmation",
            "content_type": 9,
            "codename": "add_emailconfirmation"
        }
    },
    {
        "model": "auth.permission",
        "pk": 34,
        "fields": {
            "name": "Can change email confirmation",
            "content_type": 9,
            "codename": "change_emailconfirmation"
        }
    },
    {
        "model": "auth.permission",
        "pk": 35,
        "fields": {
            "name": "Can delete email confirmation",
            "content_type": 9,
            "codename": "delete_emailconfirmation"
        }
    },
    {
        "model": "auth.permission",
        "pk": 36,
        "fields": {
            "name": "Can view email confirmation",
            "content_type": 9,
            "codename": "view_emailconfirmation"
        }
    },
    {
        "model": "auth.permission",
        "pk": 37,
        "fields": {
            "name": "Can add social account",
            "content_type": 10,
            "codename": "add_socialaccount"
        }
    },
    {
        "model": "auth.permission",
        "pk": 38,
        "fields": {
            "name": "Can change social account",
            "content_type": 10,
            "codename": "change_socialaccount"
        }
    },
    {
        "model": "auth.permission",
        "pk": 39,
        "fields": {
            "name": "Can delete social account",
            "content_type": 10,
            "codename": "delete_socialaccount"
        }
    },
    {
        "model": "auth.permission",
        "pk": 40,
        "fields": {
            "name": "Can view social account",
            "content_type": 10,
            "codename": "view_socialaccount"
        }
    },
    {
        "model": "auth.permission",
        "pk": 41,
        "fields": {
            "name": "Can add social application",
            "content_type": 11,
            "codename": "add_socialapp"
        }
    },
    {
        "model": "auth.permission",
        "pk": 42,
        "fields": {
            "name": "Can change social application",
            "content_type": 11,
            "codename": "change_socialapp"
        }
    },
    {
        "model": "auth.permission",
        "pk": 43,
        "fields": {
            "name": "Can delete social application",
            "content_type": 11,
            "codename": "delete_socialapp"
        }
    },
    {
        "model": "auth.permission",
        "pk": 44,
        "fields": {
            "name": "Can view social application",
            "content_type": 11,
            "codename": "view_socialapp"
        }
    },
    {
        "model": "auth.permission",
        "pk": 45,
        "fields": {
            "name": "Can add social application token",
            "content_type": 12,
            "codename": "add_socialtoken"
        }
    },
    {
        "model": "auth.permission",
        "pk": 46,
        "fields": {
            "name": "Can change social application token",
            "content_type": 12,
            "codename": "change_socialtoken"
        }
    },
    {
        "model": "auth.permission",
        "pk": 47,
        "fields": {
            "name": "Can delete social application token",
            "content_type": 12,
            "codename": "delete_socialtoken"
        }
    },
    {
        "model": "auth.permission",
        "pk": 48,
        "fields": {
            "name": "Can view social application token",
            "content_type": 12,
            "codename": "view_socialtoken"
        }
    },
    {
        "model": "auth.permission",
        "pk": 49,
        "fields": {
            "name": "Can add payment",
            "content_type": 13,
            "codename": "add_payment"
        }
    },
    {
        "model": "auth.permission",
        "pk": 50,
        "fields": {
            "name": "Can change payment",
            "content_type": 13,
            "codename": "change_payment"
        }
    },
    {
        "model": "auth.permission",
        "pk": 51,
        "fields": {
            "name": "Can delete payment",
            "content_type": 13,
            "codename": "delete_payment"
        }
    },
    {
        "model": "auth.permission",
        "pk": 52,
        "fields": {
            "name": "Can view payment",
            "content_type": 13,
            "codename": "view_payment"
        }
    },
    {
        "model": "auth.permission",
        "pk": 53,
        "fields": {
            "name": "Can add seller sale",
            "content_type": 14,
            "codename": "add_sellersale"
        }
    },
    {
        "model": "auth.permission",
        "pk": 54,
        "fields": {
            "name": "Can change seller sale",
            "content_type": 14,
            "codename": "change_sellersale"
        }
    },
    {
        "model": "auth.permission",
        "pk": 55,
        "fields": {
            "name": "Can delete seller sale",
            "content_type": 14,
            "codename": "delete_sellersale"
        }
    },
    {
        "model": "auth.permission",
        "pk": 56,
        "fields": {
            "name": "Can view seller sale",
            "content_type": 14,
            "codename": "view_sellersale"
        }
    },
    {
        "model": "auth.permission",
        "pk": 57,
        "fields": {
            "name": "Can add address",
            "content_type": 15,
            "codename": "add_address"
        }
    },
    {
        "model": "auth.permission",
        "pk": 58,
        "fields": {
            "name": "Can change address",
            "content_type": 15,
            "codename": "change_address"
        }
    },
    {
        "model": "auth.permission",
        "pk": 59,
        "fields": {
            "name": "Can delete address",
            "content_type": 15,
            "codename": "delete_address"
        }
    },
    {
        "model": "auth.permission",
        "pk": 60,
        "fields": {
            "name": "Can view address",
            "content_type": 15,
            "codename": "view_address"
        }
    },
    {
        "model": "auth.permission",
        "pk": 61,
        "fields": {
            "name": "Can add order",
            "content_type": 16,
            "codename": "add_order"
        }
    },
    {
        "model": "auth.permission",
        "pk": 62,
        "fields": {
            "name": "Can change order",
            "content_type": 16,
            "codename": "change_order"
        }
    },
    {
        "model": "auth.permission",
        "pk": 63,
        "fields": {
            "name": "Can delete order",
            "content_type": 16,
            "codename": "delete_order"
        }
    },
    {
        "model": "auth.permission",
        "pk": 64,
        "fields": {
            "name": "Can view order",
            "content_type": 16,
            "codename": "view_order"
        }
    },
    {
        "model": "auth.permission",
        "pk": 65,
        "fields": {
            "name": "Can add item",
            "content_type": 17,
            "codename": "add_item"
        }
    },
    {
        "model": "auth.permission",
        "pk": 66,
        "fields": {
            "name": "Can change item",
            "content_type": 17,
            "codename": "change_item"
        }
    },
    {
        "model": "auth.permission",
        "pk": 67,
        "fields": {
            "name": "Can delete item",
            "content_type": 17,
            "codename": "delete_item"
        }
    },
    {
        "model": "auth.permission",
        "pk": 68,
        "fields": {
            "name": "Can view item",
            "content_type": 17,
            "codename": "view_item"
        }
    },
    {
        "model": "auth.permission",
        "pk": 69,
        "fields": {
            "name": "Can add coupon",
            "content_type": 18,
            "codename": "add_coupon"
        }
    },
    {
        "model": "auth.permission",
        "pk": 70,
        "fields": {
            "name": "Can change coupon",
            "content_type": 18,
            "codename": "change_coupon"
        }
    },
    {
        "model": "auth.permission",
        "pk": 71,
        "fields": {
            "name": "Can delete coupon",
            "content_type": 18,
            "codename": "delete_coupon"
        }
    },
    {
        "model": "auth.permission",
        "pk": 72,
        "fields": {
            "name": "Can view coupon",
            "content_type": 18,
            "codename": "view_coupon"
        }
    },
    {
        "model": "auth.permission",
        "pk": 73,
        "fields": {
            "name": "Can add order item",
            "content_type": 19,
            "codename": "add_orderitem"
        }
    },
    {
        "model": "auth.permission",
        "pk": 74,
        "fields": {
            "name": "Can change order item",
            "content_type": 19,
            "codename": "change_orderitem"
        }
    },
    {
        "model": "auth.permission",
        "pk": 75,
        "fields": {
            "name": "Can delete order item",
            "content_type": 19,
            "codename": "delete_orderitem"
        }
    },
    {
        "model": "auth.permission",
        "pk": 76,
        "fields": {
            "name": "Can view order item",
            "content_type": 19,
            "codename": "view_orderitem"
        }
    },
    {
        "model": "auth.permission",
        "pk": 77,
        "fields": {
            "name": "Can add category",
            "content_type": 20,
            "codename": "add_category"
        }
    },
    {
        "model": "auth.permission",
        "pk": 78,
        "fields": {
            "name": "Can change category",
            "content_type": 20,
            "codename": "change_category"
        }
    },
    {
        "model": "auth.permission",
        "pk": 79,
        "fields": {
            "name": "Can delete category",
            "content_type": 20,
            "codename": "delete_category"
        }
    },
    {
        "model": "auth.permission",
        "pk": 80,
        "fields": {
            "name": "Can view category",
            "content_type": 20,
            "codename": "view_category"
        }
    },
    {
        "model": "auth.permission",
        "pk": 81,
        "fields": {
            "name": "Can add default address",
            "content_type": 21,
            "codename": "add_defaultaddress"
        }
    },
    {
        "model": "auth.permission",
        "pk": 82,
        "fields": {
            "name": "Can change default address",
            "content_type": 21,
            "codename": "change_defaultaddress"
        }
    },
    {
        "model": "auth.permission",
        "pk": 83,
        "fields": {
            "name": "Can delete default address",
            "content_type": 21,
            "codename": "delete_defaultaddress"
        }
    },
    {
        "model": "auth.permission",
        "pk": 84,
        "fields": {
            "name": "Can view default address",
            "content_type": 21,
            "codename": "view_defaultaddress"
        }
    },
    {
        "model": "auth.permission",
        "pk": 85,
        "fields": {
            "name": "Can add blacklisted token",
            "content_type": 22,
            "codename": "add_blacklistedtoken"
        }
    },
    {
        "model": "auth.permission",
        "pk": 86,
        "fields": {
            "name": "Can change blacklisted token",
            "content_type": 22,
            "codename": "change_blacklistedtoken"
        }
    },
    {
        "model": "auth.permission",
        "pk": 87,
        "fields": {
            "name": "Can delete blacklisted token",
            "content_type": 22,
            "codename": "delete_blacklistedtoken"
        }
    },
    {
        "model": "auth.permission",
        "pk": 88,
        "fields": {
            "name": "Can view blacklisted token",
            "content_type": 22,
            "codename": "view_blacklistedtoken"
        }
    },
    {
        "model": "auth.permission",
        "pk": 89,
        "fields": {
            "name": "Can add outstanding token",
            "content_type": 23,
            "codename": "add_outstandingtoken"
        }
    },
    {
        "model": "auth.permission",
        "pk": 90,
        "fields": {
            "name": "Can change outstanding token",
            "content_type": 23,
            "codename": "change_outstandingtoken"
        }
    },
    {
        "model": "auth.permission",
        "pk": 91,
        "fields": {
            "name": "Can delete outstanding token",
            "content_type": 23,
            "codename": "delete_outstandingtoken"
        }
    },
    {
        "model": "auth.permission",
        "pk": 92,
        "fields": {
            "name": "Can view outstanding token",
            "content_type": 23,
            "codename": "view_outstandingtoken"
        }
    },
    {
        "model": "auth.permission",
        "pk": 93,
        "fields": {
            "name": "Can add meta data",
            "content_type": 24,
            "codename": "add_metadata"
        }
    },
    {
        "model": "auth.permission",
        "pk": 94,
        "fields": {
            "name": "Can change meta data",
            "content_type": 24,
            "codename": "change_metadata"
        }
    },
    {
        "model": "auth.permission",
        "pk": 95,
        "fields": {
            "name": "Can delete meta data",
            "content_type": 24,
            "codename": "delete_metadata"
        }
    },
    {
        "model": "auth.permission",
        "pk": 96,
        "fields": {
            "name": "Can view meta data",
            "content_type": 24,
            "codename": "view_metadata"
        }
    },
    {
        "model": "auth.permission",
        "pk": 97,
        "fields": {
            "name": "Can add table",
            "content_type": 25,
            "codename": "add_table"
        }
    },
    {
        "model": "auth.permission",
        "pk": 98,
        "fields": {
            "name": "Can change table",
            "content_type": 25,
            "codename": "change_table"
        }
    },
    {
        "model": "auth.permission",
        "pk": 99,
        "fields": {
            "name": "Can delete table",
            "content_type": 25,
            "codename": "delete_table"
        }
    },
    {
        "model": "auth.permission",
        "pk": 100,
        "fields": {
            "name": "Can view table",
            "content_type": 25,
            "codename": "view_table"
        }
    },
    {
        "model": "auth.permission",
        "pk": 101,
        "fields": {
            "name": "Can add table order",
            "content_type": 26,
            "codename": "add_tableorder"
        }
    },
    {
        "model": "auth.permission",
        "pk": 102,
        "fields": {
            "name": "Can change table order",
            "content_type": 26,
            "codename": "change_tableorder"
        }
    },
    {
        "model": "auth.permission",
        "pk": 103,
        "fields": {
            "name": "Can delete table order",
            "content_type": 26,
            "codename": "delete_tableorder"
        }
    },
    {
        "model": "auth.permission",
        "pk": 104,
        "fields": {
            "name": "Can view table order",
            "content_type": 26,
            "codename": "view_tableorder"
        }
    },
    {
        "model": "auth.user",
        "pk": 1,
        "fields": {
            "password": "pbkdf2_sha256$260000$zHaMkmsu68peWa51nQQyWO$xDKF503MNqZxEG+6BROu3+ndcf7g6yhtzXPJ34nAseA=",
            "last_login": "2021-09-15T15:56:19.386Z",
            "is_superuser": true,
            "username": "PKSingh",
            "first_name": "Priyanshu",
            "last_name": "Kumar Singh",
            "email": "priyanshusingh1998@gmail.com",
            "is_staff": true,
            "is_active": true,
            "date_joined": "2021-06-16T04:19:47Z",
            "groups": [],
            "user_permissions": []
        }
    },
    {
        "model": "auth.user",
        "pk": 2,
        "fields": {
            "password": "pbkdf2_sha256$260000$ZzCt82EEamU1Xgp7BYlebg$zFj8OkxetmaRT1epLeBFdu6F2WOc213tmb48H4KJ2vw=",
            "last_login": "2022-01-06T17:33:47.948Z",
            "is_superuser": true,
            "username": "BG",
            "first_name": "N Balgopal",
            "last_name": "Patra",
            "email": "n.balgopalpatra@gmail.com",
            "is_staff": true,
            "is_active": true,
            "date_joined": "2021-06-16T05:59:08Z",
            "groups": [],
            "user_permissions": []
        }
    },
    {
        "model": "auth.user",
        "pk": 3,
        "fields": {
            "password": "pbkdf2_sha256$260000$lubmUbJINvcFE1S8xtvYlX$IoF74dxOsALIj4zjzFDChx0Cto248vt5HKltN1yS9Ow=",
            "last_login": null,
            "is_superuser": false,
            "username": "TestUser1",
            "first_name": "",
            "last_name": "",
            "email": "",
            "is_staff": false,
            "is_active": true,
            "date_joined": "2021-07-10T10:45:34.557Z",
            "groups": [],
            "user_permissions": []
        }
    },
    {
        "model": "auth.user",
        "pk": 4,
        "fields": {
            "password": "pbkdf2_sha256$260000$3SyAn5q7yrFlgwRilR5HRz$BOTySpVgJtbnZG0rwfJovyb+pdP2Um+aDYHstl9ixQA=",
            "last_login": "2022-01-22T03:53:32.701Z",
            "is_superuser": true,
            "username": "Durgeshagrawal38@gmail.com",
            "first_name": "",
            "last_name": "",
            "email": "Durgeshagrawal38@gmail.com",
            "is_staff": true,
            "is_active": true,
            "date_joined": "2021-07-10T15:52:57Z",
            "groups": [],
            "user_permissions": []
        }
    },
    {
        "model": "auth.user",
        "pk": 6,
        "fields": {
            "password": "pbkdf2_sha256$260000$xIQgmkUW26XfxHTeuLF2SX$oCLA6guZhn8RQYNCkIhD5FT4PA/1hANpFDWy/xZnQIQ=",
            "last_login": "2021-07-16T12:15:57.794Z",
            "is_superuser": true,
            "username": "HaiderAli",
            "first_name": "",
            "last_name": "",
            "email": "haider@gmail.com",
            "is_staff": true,
            "is_active": true,
            "date_joined": "2021-07-16T11:55:53.430Z",
            "groups": [],
            "user_permissions": []
        }
    },
    {
        "model": "auth.user",
        "pk": 7,
        "fields": {
            "password": "pbkdf2_sha256$260000$G1bbOC8ZG3cUD4KdrNJHzC$ubVOlb3YnipR7kM8CkBYc3721Ih870ECPr7aJi9hCYk=",
            "last_login": "2021-07-19T06:56:59.821Z",
            "is_superuser": false,
            "username": "Tony",
            "first_name": "",
            "last_name": "",
            "email": "TonyDragster69@gmail.com",
            "is_staff": false,
            "is_active": true,
            "date_joined": "2021-07-19T06:56:59.483Z",
            "groups": [],
            "user_permissions": []
        }
    },
    {
        "model": "contenttypes.contenttype",
        "pk": 1,
        "fields": {
            "app_label": "admin",
            "model": "logentry"
        }
    },
    {
        "model": "contenttypes.contenttype",
        "pk": 2,
        "fields": {
            "app_label": "auth",
            "model": "permission"
        }
    },
    {
        "model": "contenttypes.contenttype",
        "pk": 3,
        "fields": {
            "app_label": "auth",
            "model": "group"
        }
    },
    {
        "model": "contenttypes.contenttype",
        "pk": 4,
        "fields": {
            "app_label": "auth",
            "model": "user"
        }
    },
    {
        "model": "contenttypes.contenttype",
        "pk": 5,
        "fields": {
            "app_label": "contenttypes",
            "model": "contenttype"
        }
    },
    {
        "model": "contenttypes.contenttype",
        "pk": 6,
        "fields": {
            "app_label": "sessions",
            "model": "session"
        }
    },
    {
        "model": "contenttypes.contenttype",
        "pk": 7,
        "fields": {
            "app_label": "sites",
            "model": "site"
        }
    },
    {
        "model": "contenttypes.contenttype",
        "pk": 8,
        "fields": {
            "app_label": "account",
            "model": "emailaddress"
        }
    },
    {
        "model": "contenttypes.contenttype",
        "pk": 9,
        "fields": {
            "app_label": "account",
            "model": "emailconfirmation"
        }
    },
    {
        "model": "contenttypes.contenttype",
        "pk": 10,
        "fields": {
            "app_label": "socialaccount",
            "model": "socialaccount"
        }
    },
    {
        "model": "contenttypes.contenttype",
        "pk": 11,
        "fields": {
            "app_label": "socialaccount",
            "model": "socialapp"
        }
    },
    {
        "model": "contenttypes.contenttype",
        "pk": 12,
        "fields": {
            "app_label": "socialaccount",
            "model": "socialtoken"
        }
    },
    {
        "model": "contenttypes.contenttype",
        "pk": 13,
        "fields": {
            "app_label": "core",
            "model": "payment"
        }
    },
    {
        "model": "contenttypes.contenttype",
        "pk": 14,
        "fields": {
            "app_label": "core",
            "model": "sellersale"
        }
    },
    {
        "model": "contenttypes.contenttype",
        "pk": 15,
        "fields": {
            "app_label": "core",
            "model": "address"
        }
    },
    {
        "model": "contenttypes.contenttype",
        "pk": 16,
        "fields": {
            "app_label": "core",
            "model": "order"
        }
    },
    {
        "model": "contenttypes.contenttype",
        "pk": 17,
        "fields": {
            "app_label": "core",
            "model": "item"
        }
    },
    {
        "model": "contenttypes.contenttype",
        "pk": 18,
        "fields": {
            "app_label": "core",
            "model": "coupon"
        }
    },
    {
        "model": "contenttypes.contenttype",
        "pk": 19,
        "fields": {
            "app_label": "core",
            "model": "orderitem"
        }
    },
    {
        "model": "contenttypes.contenttype",
        "pk": 20,
        "fields": {
            "app_label": "core",
            "model": "category"
        }
    },
    {
        "model": "contenttypes.contenttype",
        "pk": 21,
        "fields": {
            "app_label": "core",
            "model": "defaultaddress"
        }
    },
    {
        "model": "contenttypes.contenttype",
        "pk": 22,
        "fields": {
            "app_label": "token_blacklist",
            "model": "blacklistedtoken"
        }
    },
    {
        "model": "contenttypes.contenttype",
        "pk": 23,
        "fields": {
            "app_label": "token_blacklist",
            "model": "outstandingtoken"
        }
    },
    {
        "model": "contenttypes.contenttype",
        "pk": 24,
        "fields": {
            "app_label": "core",
            "model": "metadata"
        }
    },
    {
        "model": "contenttypes.contenttype",
        "pk": 25,
        "fields": {
            "app_label": "core",
            "model": "table"
        }
    },
    {
        "model": "contenttypes.contenttype",
        "pk": 26,
        "fields": {
            "app_label": "core",
            "model": "tableorder"
        }
    },
    {
        "model": "sessions.session",
        "pk": "0qp0u76zfj9g659juno0pvhejpxszjsz",
        "fields": {
            "session_data": ".eJxVjMEOwiAQRP-FsyEUgQWP3v0GAuyuVA1NSnsy_rtt0oPeJvPezFvEtC41rp3mOKK4CC1Ov11O5UltB_hI7T7JMrVlHrPcFXnQLm8T0ut6uH8HNfW6rRWypqCCz6g9YibObHxxPrN3aHVSDJDOhBCMs8bg4Ai85QEItmTE5wsK8Dhh:1n5We3:gGJyuPPztq88s_XUY544FL6lNn9dIoZmjWhzMNlPScw",
            "expire_date": "2022-01-20T17:33:47.951Z"
        }
    },
    {
        "model": "sessions.session",
        "pk": "15wctjwdbjpmsz554v8alp73aomrl5gb",
        "fields": {
            "session_data": "eyJuZXh0X1VSTCI6Imh0dHBzOi8vdXJiYW50YW5kb29yLmluL2xhbmRpbmdfcGFnZSJ9:1mbPY3:lP83BaR52B6k5R7HdjwY5eQsleqYCIL0hq4--FWR4ls",
            "expire_date": "2021-10-29T15:55:07.873Z"
        }
    },
    {
        "model": "sessions.session",
        "pk": "1e9ndz3q3rv6ltodkorahgzwa332lo8k",
        "fields": {
            "session_data": "eyJuZXh0X1VSTCI6Imh0dHBzOi8vcmVzdGF1cmFudC51cmJhbnRhbmRvb3IuaW4vbGFuZGluZ19wYWdlIn0:1mGHoM:is_WMgMVDxJSNYgDSqf9mZRikusPzx3aPrp8uf0dquc",
            "expire_date": "2021-09-01T09:24:38.249Z"
        }
    },
    {
        "model": "sessions.session",
        "pk": "1wrjwskcp7zvnla5lmgore1ujfiehcje",
        "fields": {
            "session_data": ".eJxVjL2OwyAQhN-F-oRxyDrG5dV3zUmp0QJrmyRaLMBSoijvfraUJtWM5ud7CqZ7tee_HzGIudalDE2TqVRcM3KVa3abIIeUsozc3DYbebILTiS-hMW1znYtlG0MG6H9zBz6K_FehAvylKRPXHN0cp_Id1vkbwp0-35vPwAzlnl79-D7zkFvtKYWSLVaBY-u9U4rgIM-wugAlNZeHcxpNGrEYwdkVDAj6dDt0EKlxMSW7kvMDzGo1z_Bx1TX:1mGHl7:ubOm1uGWeOrn70WgZibblYJnClP9dmsJ5s4eQ9xmP7A",
            "expire_date": "2021-09-01T09:21:17.385Z"
        }
    },
    {
        "model": "sessions.session",
        "pk": "1x7hjlj3uri4h1c7re24ilh5krs17wgx",
        "fields": {
            "session_data": ".eJxVjL2OwyAQhN-F-oRxyDrG5dV3zUmp0QJrmyRaLMBSoijvfraUJtWM5ud7CqZ7tee_HzGIudalDE2TqVRcM3KVa3abIIeUsozc3DYbebILTiS-hMW1znYtlG0MG6H9zBz6K_FehAvylKRPXHN0cp_Id1vkbwp0-35vPwAzlnl79-D7zkFvtKYWSLVaBY-u9U4rgIM-wugAlNZeHcxpNGrEYwdkVDAj6dDt0EKlxMSW7kvMDzGo1z_Bx1TX:1mF5WR:CwRz8l_rLd_VjfyLpSGm1aUVxLuCWDnHBWRY_Cg56rM",
            "expire_date": "2021-08-29T02:05:11.592Z"
        }
    },
    {
        "model": "sessions.session",
        "pk": "1ze55jqjwavesfia8w0wco9wxl09egix",
        "fields": {
            "session_data": "eyJuZXh0X1VSTCI6Imh0dHBzOi8vdXJiYW50YW5kb29yLmluL2xhbmRpbmdfcGFnZSJ9:1mAsd1:7f_f4Eop5FBt7YW0W03TDDtDlBIACsJd-RxRYk8qxH8",
            "expire_date": "2021-08-17T11:30:35.456Z"
        }
    },
    {
        "model": "sessions.session",
        "pk": "1zs213zhckhk60o4ci97snzspjsrfuoo",
        "fields": {
            "session_data": ".eJxVjMEOgjAQRP-lZwMFCy0cPevFxHOzZbe0SlpCa6Ix_ruQeOE2mTdvPizQK-vb9cx65nKe-7Kc4gCTiyn3R855OUFAH0Y9w0jswDQ8s9PPRIv2uEr1vjMwPChsAO8QxlgMMeTFm2KbFH-aiktEmk7_7e7AQXKrzdHW1PFOGawVoiFrrFBDq4xVLTY1cCslHAllJ9pGCKxakqqxlSS5JrGdJkrJx6DpNfvlzXr-_QFbQU_D:1mFd9Y:e7dqGKB8dXkWvpXQAQsrFuTLOVCqm7Pv5ZjSLnXmJo0",
            "expire_date": "2021-08-30T13:59:48.287Z"
        }
    },
    {
        "model": "sessions.session",
        "pk": "2897cw80ksv1avtvwgzomayv8pex2z2o",
        "fields": {
            "session_data": ".eJxVjL2OwyAQhN-F-oRxyDrG5dV3zUmp0QJrmyRaLMBSoijvfraUJtWM5ud7CqZ7tee_HzGIudalDE2TqVRcM3KVa3abIIeUsozc3DYbebILTiS-hMW1znYtlG0MG6H9zBz6K_FehAvylKRPXHN0cp_Id1vkbwp0-35vPwAzlnl79-D7zkFvtKYWSLVaBY-u9U4rgIM-wugAlNZeHcxpNGrEYwdkVDAj6dDt0EKlxMSW7kvMDzGo1z_Bx1TX:1m8l17:AXEYUWtjGYDlOJt01kLtlI1XMLkeDwy4zgvAoh-9d64",
            "expire_date": "2021-08-11T14:58:41.348Z"
        }
    },
    {
        "model": "sessions.session",
        "pk": "2uixv4n08ktz7auflu0mgcdnct00nxbi",
        "fields": {
            "session_data": ".eJxVjLGOgzAQRP_FdQRrQ8BQXn3XREptrdcLdg7ZCDtSTqf8e0BKk240b978i8iPYq6XbzEKX8o61vWSCBefchkbAKgXjC7E2aw4szgJg_fizT3zZoLbpfazs0i_HA_gbhjnVFGKZQu2OibVm-bqJzlevt7bjwOP2e92T0DWqjMAaTmQHKDvcOIG9dCrTjvdTNKxYket7GhSg2z3iD3oVvHZ6uM0c84hRcOPNWx_YoTnCyg0Tzc:1mPPMo:qp9qUqG33LpH1Zd9BM5lKDy9kM2jB1bS-Yv53W6sB7A",
            "expire_date": "2021-09-26T13:17:54.220Z"
        }
    },
    {
        "model": "sessions.session",
        "pk": "2wqiphmiowzp9nm1ejg7hh43opioxj3h",
        "fields": {
            "session_data": "eyJuZXh0X1VSTCI6bnVsbH0:1mJHDj:-6Qm6Dkqt0o23U_HlmXUEZ9uZJSbQgl1GsOmEbpamaM",
            "expire_date": "2021-09-09T15:23:11.949Z"
        }
    },
    {
        "model": "sessions.session",
        "pk": "3d72dv4b9q0yo56ybmbnyvze71hc46p3",
        "fields": {
            "session_data": ".eJxVjMEOwiAQRP-Fs6GAtaU9etaLiWeywLZFzdIATTTGf7dNvHibzJs3b0b4LOZ6ObGeTaXMua-qJVmgAuRjTDxQ9VhjoNHMMCLbMQNLmcySMZngV63-7yy4O9IG_A1ojNxFKilYvk34j2Z-jh4fx9_272CCPK1264SzVh2EcFp2TnaibWDAPeiuVY32ej9Ijwq9q2XjBtXJeo3QCl0rPFi9nWbMOUQy-JxDerFefL6t-VD4:1m9scF:RKuu5Q1mIVU1tKMKCIVnttwE_sbDJW5HArJ6S8DEnbU",
            "expire_date": "2021-08-14T17:17:39.062Z"
        }
    },
    {
        "model": "sessions.session",
        "pk": "3pb6ivr1p7o10krc3izdhc22gvr1x4e2",
        "fields": {
            "session_data": ".eJxVjLGOwjAQRP_FNXJCzomdlNRcc9LV1jq7TgxoHdmOBEL8O4lEQzeaN2-egule7P_fWQxiLmXJQ1WtyQEXYIwxycDVbYuBJ7vAROIgLKxltmumZANuWvPdORivxDvAC_AU5Ri5pODkPpEfmuVvRLqdPtuvgxnyvNk1-ob6ujcOG4PoyDuvzNgZ502HbQO11xp-CHWvulYpPHakTeuPmvSW1H6aKecQ2dJ9Cekhhvr1BuEGUYQ:1mAALe:n6FJsjmmerPfKfVWMuyKi9kwqtxdJuvvoMazhaQ0lXg",
            "expire_date": "2021-08-15T12:13:42.744Z"
        }
    },
    {
        "model": "sessions.session",
        "pk": "3vpt2be5vq7p9mfmve89ubfkpziozem4",
        "fields": {
            "session_data": ".eJxVjL2OwyAQhN-F-oRxyDrG5dV3zUmp0QJrmyRaLMBSoijvfraUJtWM5ud7CqZ7tee_HzGIudalDE2TqVRcM3KVa3abIIeUsozc3DYbebILTiS-hMW1znYtlG0MG6H9zBz6K_FehAvylKRPXHN0cp_Id1vkbwp0-35vPwAzlnl79-D7zkFvtKYWSLVaBY-u9U4rgIM-wugAlNZeHcxpNGrEYwdkVDAj6dDt0EKlxMSW7kvMDzGo1z_Bx1TX:1mH6O8:9rL6a0M2UPZtLjHVs2OQ6xkklYCDly9kZyQrpGOxG7A",
            "expire_date": "2021-09-03T15:24:56.429Z"
        }
    },
    {
        "model": "sessions.session",
        "pk": "4see7mgkdxrnct7r4qm7rhzn2g8v8lzb",
        "fields": {
            "session_data": ".eJxVjL2OwyAQhN-F-oRxyDrG5dV3zUmp0QJrmyRaLMBSoijvfraUJtWM5ud7CqZ7tee_HzGIudalDE2TqVRcM3KVa3abIIeUsozc3DYbebILTiS-hMW1znYtlG0MG6H9zBz6K_FehAvylKRPXHN0cp_Id1vkbwp0-35vPwAzlnl79-D7zkFvtKYWSLVaBY-u9U4rgIM-wugAlNZeHcxpNGrEYwdkVDAj6dDt0EKlxMSW7kvMDzGo1z_Bx1TX:1m9rEL:TF9N7MAoKCJdtUNAfoDy-mRrNaVQgJjZ-65H0-u1gAo",
            "expire_date": "2021-08-14T15:48:53.868Z"
        }
    },
    {
        "model": "sessions.session",
        "pk": "4svug1ln8ffzkh56vgg1gje40ubh0mdw",
        "fields": {
            "session_data": ".eJxVjDtvwyAUhf8Lc4WB-IE9dk6WSJnRBa5t2uhiAZZcVf3vxVKWTOfoPL5fRngU87hf2cTWUrY8NU3CXGBPQIXvyVYB8jEmHqh5VhtoMRssyD6Ygb2sZs-YTPCV0L5nFtw30ln4L6AlcheppGD5OeGvNvNb9Pj8fG3fACvktb4HJ5y1qhPCaTk6OYqhhxkvoMdB9drryyw9KvSulb2b1SjbamEQulXYWX1CM-YcIhk8tpB-2CT-_gHtJ1Vv:1mJHF2:F64OtDWl30aWFCMRNCt1Nkl4o1FQ4ZlsWSlPuynjCk4",
            "expire_date": "2021-09-09T15:24:32.575Z"
        }
    },
    {
        "model": "sessions.session",
        "pk": "5ppssgw7bw431hkigl01eelcpebgfbxx",
        "fields": {
            "session_data": ".eJxVjL2OwyAQhN-F-oRxyDrG5dV3zUmp0QJrmyRaLMBSoijvfraUJtWM5ud7CqZ7tee_HzGIudalDE2TqVRcM3KVa3abIIeUsozc3DYbebILTiS-hMW1znYtlG0MG6H9zBz6K_FehAvylKRPXHN0cp_Id1vkbwp0-35vPwAzlnl79-D7zkFvtKYWSLVaBY-u9U4rgIM-wugAlNZeHcxpNGrEYwdkVDAj6dDt0EKlxMSW7kvMDzGo1z_Bx1TX:1m9hiM:k_fSdjbfCaMV764CXT1i8wLg0JyTTQ3mRowgrLRWvR8",
            "expire_date": "2021-08-14T05:39:14.477Z"
        }
    },
    {
        "model": "sessions.session",
        "pk": "6pyhcs3c19lobep938veh2wgub0ydfsm",
        "fields": {
            "session_data": "eyJuZXh0X1VSTCI6Imh0dHBzOi8vdXJiYW50YW5kb29yLmluL2xhbmRpbmdfcGFnZSJ9:1mABZe:2bKonf0cHlRirq4JQd-TCmESy3_NTcaSDKirgcVS_2M",
            "expire_date": "2021-08-15T13:32:14.738Z"
        }
    },
    {
        "model": "sessions.session",
        "pk": "6v8gmco8vcemmw013kadg1zyzgnbir9j",
        "fields": {
            "session_data": ".eJxVjLGOwjAQRP_FNXJCzomdlNRcc9LV1jq7TgxoHdmOBEL8O4lEQzeaN2-egule7P_fWQxiLmXJQ1WtyQEXYIwxycDVbYuBJ7vAROIgLKxltmumZANuWvPdORivxDvAC_AU5Ri5pODkPpEfmuVvRLqdPtuvgxnyvNk1-ob6ujcOG4PoyDuvzNgZ502HbQO11xp-CHWvulYpPHakTeuPmvSW1H6aKecQ2dJ9Cekhhvr1BuEGUYQ:1mFqGm:k8Q8QQot-McSC1-EI1F_rHJaJIej39U2nVWOb2FmGqQ",
            "expire_date": "2021-08-31T04:00:08.417Z"
        }
    },
    {
        "model": "sessions.session",
        "pk": "7aphm9tj8adlcjve5ht38hmxq8tdz0jg",
        "fields": {
            "session_data": ".eJxVjLGOgzAQRP_FdQRrQ8BQXn3XREptrdcLdg7ZCDtSTqf8e0BKk240b978i8iPYq6XbzEKX8o61vWSCBefchkbAKgXjC7E2aw4szgJg_fizT3zZoLbpfazs0i_HA_gbhjnVFGKZQu2OibVm-bqJzlevt7bjwOP2e92T0DWqjMAaTmQHKDvcOIG9dCrTjvdTNKxYket7GhSg2z3iD3oVvHZ6uM0c84hRcOPNWx_YoTnCyg0Tzc:1m9jmu:kCFQ_CkH5l058ngJzrSYMPdNEYM0iPaxf7eV0WvHoOM",
            "expire_date": "2021-08-14T07:52:04.046Z"
        }
    },
    {
        "model": "sessions.session",
        "pk": "7b8817nrvwyfemi53j72rlg1z5fimzy0",
        "fields": {
            "session_data": ".eJxVjMEOwiAQRP-Fs6GAtaU9etaLiWeywLZFzdIATTTGf7dNvHibzJs3b0b4LOZ6ObGeTaXMua-qJVmgAuRjTDxQ9VhjoNHMMCLbMQNLmcySMZngV63-7yy4O9IG_A1ojNxFKilYvk34j2Z-jh4fx9_272CCPK1264SzVh2EcFp2TnaibWDAPeiuVY32ej9Ijwq9q2XjBtXJeo3QCl0rPFi9nWbMOUQy-JxDerFefL6t-VD4:1mACxI:YbdhXpxlPgOGuDNjJhvsPnEjygvGFEBCkE-vlTcWuTY",
            "expire_date": "2021-08-15T15:00:44.687Z"
        }
    },
    {
        "model": "sessions.session",
        "pk": "7nw25uno079ftncwa9bs7m30k0zt9ylg",
        "fields": {
            "session_data": ".eJxVjL2OwyAQhN-F-oRxyDrG5dV3zUmp0QJrmyRaLMBSoijvfraUJtWM5ud7CqZ7tee_HzGIudalDE2TqVRcM3KVa3abIIeUsozc3DYbebILTiS-hMW1znYtlG0MG6H9zBz6K_FehAvylKRPXHN0cp_Id1vkbwp0-35vPwAzlnl79-D7zkFvtKYWSLVaBY-u9U4rgIM-wugAlNZeHcxpNGrEYwdkVDAj6dDt0EKlxMSW7kvMDzGo1z_Bx1TX:1mIYcF:venwEv-8ZouyXQOUQIgfvnyzgL2N5jQZrR9i6jO9IO8",
            "expire_date": "2021-09-07T15:45:31.398Z"
        }
    },
    {
        "model": "sessions.session",
        "pk": "81e0wtqwlb7zyh0x02g6vimoahg6ris0",
        "fields": {
            "session_data": ".eJxVjL2OwyAQhN-F-oRxyDrG5dV3zUmp0QJrmyRaLMBSoijvfraUJtWM5ud7CqZ7tee_HzGIudalDE2TqVRcM3KVa3abIIeUsozc3DYbebILTiS-hMW1znYtlG0MG6H9zBz6K_FehAvylKRPXHN0cp_Id1vkbwp0-35vPwAzlnl79-D7zkFvtKYWSLVaBY-u9U4rgIM-wugAlNZeHcxpNGrEYwdkVDAj6dDt0EKlxMSW7kvMDzGo1z_Bx1TX:1mABA9:dFCrqvRk0tBWEoDP9bVHs5k23pRqKH8bwmGcthlT9_U",
            "expire_date": "2021-08-15T13:05:53.006Z"
        }
    },
    {
        "model": "sessions.session",
        "pk": "8cxm5uc5wgmp4vjvg3xe0urfa813y4gv",
        "fields": {
            "session_data": ".eJxVjLGOgzAQRP_FdQRrQ8BQXn3XREptrdcLdg7ZCDtSTqf8e0BKk240b978i8iPYq6XbzEKX8o61vWSCBefchkbAKgXjC7E2aw4szgJg_fizT3zZoLbpfazs0i_HA_gbhjnVFGKZQu2OibVm-bqJzlevt7bjwOP2e92T0DWqjMAaTmQHKDvcOIG9dCrTjvdTNKxYket7GhSg2z3iD3oVvHZ6uM0c84hRcOPNWx_YoTnCyg0Tzc:1nB7T2:3Q-buhGe6CY5Gg5g0Qr0zTcvB6sX711wOia0J3CE15I",
            "expire_date": "2022-02-05T03:53:32.707Z"
        }
    },
    {
        "model": "sessions.session",
        "pk": "8nspvuywpmaso7f8p3zm88cyz95qjchh",
        "fields": {
            "session_data": ".eJxVjL2OwyAQhN-F-oRxyDrG5dV3zUmp0QJrmyRaLMBSoijvfraUJtWM5ud7CqZ7tee_HzGIudalDE2TqVRcM3KVa3abIIeUsozc3DYbebILTiS-hMW1znYtlG0MG6H9zBz6K_FehAvylKRPXHN0cp_Id1vkbwp0-35vPwAzlnl79-D7zkFvtKYWSLVaBY-u9U4rgIM-wugAlNZeHcxpNGrEYwdkVDAj6dDt0EKlxMSW7kvMDzGo1z_Bx1TX:1mJoOu:bpiSVq1QRby4RYJ2xnZv-XxiaHqP-mKks2nUReCBPpU",
            "expire_date": "2021-09-11T02:48:56.924Z"
        }
    },
    {
        "model": "sessions.session",
        "pk": "8xksb77vavoh26yewuzpbwirjqt08nmk",
        "fields": {
            "session_data": ".eJxVjMsOwiAQRf-FtSFDp4Pg0n2_gfAYpGogKe3K-O_apAvd3nPOfQnnt7W4rfPi5iQuQonT7xZ8fHDdQbr7emsytrouc5C7Ig_a5dQSP6-H-3dQfC_f2lA0OpCxiKyIQSGk6IOKAYFowJFyIALECIM9ZwvZj5rYQrKZMWnx_gDDRDc9:1mDKfa:FY0y0Q9O0VexeQY_lJBlC45KVaSrIn1LZIIqqeEyvVI",
            "expire_date": "2021-08-24T05:51:22.490Z"
        }
    },
    {
        "model": "sessions.session",
        "pk": "ahtl2g2w3albssul5moygcgknphg9fym",
        "fields": {
            "session_data": ".eJxVjLGOwyAQRP-F-oRxyDrG5dV3zUmp0QJrmyRaLMBSoij_fraUJt1o3rx5CqZ7tee_HzGIudalDE2zZodckUNKWUZubluMPNkFJxJfwuJaZ7sWyjaGTWs_O4f-SryDcEGekvSJa45O7hP5pkX-pkC37_f242DGMm92D77vHPRGa2qBVKtV8Oha77QCOOgjjA5Aae3VwZxGo0Y8dkBGBTOSDt1-WqiUmNjSfYn5IQb1-geCmVBg:1mGHiz:vZO1pWzyZVF5BrIgAXFXIo3uckQ71zIjhP6UaoSwT74",
            "expire_date": "2021-09-01T09:19:05.241Z"
        }
    },
    {
        "model": "sessions.session",
        "pk": "brat3gk6lgjocyfdryzah7wr34dt1wsd",
        "fields": {
            "session_data": ".eJxVjMEOgjAQRP-lZwMFCy0cPevFxHOzZbe0SlpCa6Ix_ruQeOE2mTdvPizQK-vb9cx65nKe-7Kc4gCTiyn3R855OUFAH0Y9w0jswDQ8s9PPRIv2uEr1vjMwPChsAO8QxlgMMeTFm2KbFH-aiktEmk7_7e7AQXKrzdHW1PFOGawVoiFrrFBDq4xVLTY1cCslHAllJ9pGCKxakqqxlSS5JrGdJkrJx6DpNfvlzXr-_QFbQU_D:1m9RmB:KKOOVlJ9UCc2bKjVJY4ertMhytLTPgoQHwdx8nFmcys",
            "expire_date": "2021-08-13T12:38:07.581Z"
        }
    },
    {
        "model": "sessions.session",
        "pk": "d25nxdqny97j0qh4ro6dg4mancihqdx2",
        "fields": {
            "session_data": "eyJuZXh0X1VSTCI6Imh0dHBzOi8vdXJiYW50YW5kb29yLmluL2xhbmRpbmdfcGFnZSJ9:1n4T03:0h_Ka2yytbJ4_PLZbsm_MaT6s3VEWJ6ETf1iIHGJjG8",
            "expire_date": "2022-01-17T19:28:07.513Z"
        }
    },
    {
        "model": "sessions.session",
        "pk": "e4p54sup40zk52jmo4ozg2lxdubn2vbm",
        "fields": {
            "session_data": ".eJxVjMsOwiAQRf-FtSFDp4Pg0n2_gfAYpGogKe3K-O_apAvd3nPOfQnnt7W4rfPi5iQuQonT7xZ8fHDdQbr7emsytrouc5C7Ig_a5dQSP6-H-3dQfC_f2lA0OpCxiKyIQSGk6IOKAYFowJFyIALECIM9ZwvZj5rYQrKZMWnx_gDDRDc9:1mF5cz:OM8SbAsYjdCfdyGeg6OBrelXbIaNO31WAtBK8pChRvM",
            "expire_date": "2021-08-29T02:11:57.060Z"
        }
    },
    {
        "model": "sessions.session",
        "pk": "etmkdzuujom4jiuab4141lyfg48ntf5d",
        "fields": {
            "session_data": ".eJxVjL0OgjAURt-ls2laLhcpo7MuJs5Nf26lSlpDIcEY311JWFi_c77zYYmWSd-uZ9aleRgOTJt56vVcaNTRs45JttuscU9KK_APk-6Zu5ymMVq-KnyjhV-yp-G0ubtAb0r_f7fo2sZiqwBIIgkJwjtjpbMgECuoMVhEAeBEpY5BiWDqBkkJrwKBb9ZooVJiTpqWVxzfrBPfH6LDQ_A:1mD62y:oPMzWEsvGhmLSyDsUgLMAJwcg4a4R_Mn2lX-I-hcNlQ",
            "expire_date": "2021-08-23T14:14:32.371Z"
        }
    },
    {
        "model": "sessions.session",
        "pk": "f3qlu5njyao66mygkiivu7w9cyoktz9q",
        "fields": {
            "session_data": ".eJxVjMEOwiAQRP-Fs6GAtaU9etaLiWeywLZFzdIATTTGf7dNvHibzJs3b0b4LOZ6ObGeTaXMua-qJVmgAuRjTDxQ9VhjoNHMMCLbMQNLmcySMZngV63-7yy4O9IG_A1ojNxFKilYvk34j2Z-jh4fx9_272CCPK1264SzVh2EcFp2TnaibWDAPeiuVY32ej9Ijwq9q2XjBtXJeo3QCl0rPFi9nWbMOUQy-JxDerFefL6t-VD4:1m9fnW:V1ta78cwRiy514BCeeu3FJ3aFjein0VoRjvo8QbYRps",
            "expire_date": "2021-08-14T03:36:26.507Z"
        }
    },
    {
        "model": "sessions.session",
        "pk": "f94p8xkdn97ut4pcrp5zj3dn0hlxoylx",
        "fields": {
            "session_data": ".eJxVjLGOwyAQRP-F-oRxyDrG5dV3zUmp0QJrmyRaLMBSoij_fraUJt1o3rx5CqZ7tee_HzGIudalDE2zZodckUNKWUZubluMPNkFJxJfwuJaZ7sWyjaGTWs_O4f-SryDcEGekvSJa45O7hP5pkX-pkC37_f242DGMm92D77vHPRGa2qBVKtV8Oha77QCOOgjjA5Aae3VwZxGo0Y8dkBGBTOSDt1-WqiUmNjSfYn5IQb1-geCmVBg:1mAAcg:IsEa2flm6HZe_kr-7gO53nsh_N3so4vf2YMdjO2oHa4",
            "expire_date": "2021-08-15T12:31:18.452Z"
        }
    },
    {
        "model": "sessions.session",
        "pk": "fc8cjowrxj4fjtm01ogihcexlsv15aq1",
        "fields": {
            "session_data": ".eJxVjL2OwyAQhN-F-oRxyDrG5dV3zUmp0QJrmyRaLMBSoijvfraUJtWM5ud7CqZ7tee_HzGIudalDE2TqVRcM3KVa3abIIeUsozc3DYbebILTiS-hMW1znYtlG0MG6H9zBz6K_FehAvylKRPXHN0cp_Id1vkbwp0-35vPwAzlnl79-D7zkFvtKYWSLVaBY-u9U4rgIM-wugAlNZeHcxpNGrEYwdkVDAj6dDt0EKlxMSW7kvMDzGo1z_Bx1TX:1mGIEt:Callv0DJig9wOikq7ENbG8ItcLzc8UFnjI67LIu5ZV0",
            "expire_date": "2021-09-01T09:52:03.107Z"
        }
    },
    {
        "model": "sessions.session",
        "pk": "fcfj79g143v37tcwl1bsfj9wq7ztyynd",
        "fields": {
            "session_data": ".eJxVjLGOgzAQRP_FdQRrQ8BQXn3XREptrdcLdg7ZCDtSTqf8e0BKk240b978i8iPYq6XbzEKX8o61vWSCBefchkbAKgXjC7E2aw4szgJg_fizT3zZoLbpfazs0i_HA_gbhjnVFGKZQu2OibVm-bqJzlevt7bjwOP2e92T0DWqjMAaTmQHKDvcOIG9dCrTjvdTNKxYket7GhSg2z3iD3oVvHZ6uM0c84hRcOPNWx_YoTnCyg0Tzc:1m8hTa:XBgigRnTscTVxxAHmNAQNVvxpyqw-jSsk2eumiq3gaE",
            "expire_date": "2021-08-11T11:11:50.400Z"
        }
    },
    {
        "model": "sessions.session",
        "pk": "g085394mrthmd28h0f1qpr8bvx7tpddc",
        "fields": {
            "session_data": ".eJxVjL2OwyAQhN-F-oRxyDrG5dV3zUmp0QJrmyRaLMBSoijvfraUJtWM5ud7CqZ7tee_HzGIudalDE2TqVRcM3KVa3abIIeUsozc3DYbebILTiS-hMW1znYtlG0MG6H9zBz6K_FehAvylKRPXHN0cp_Id1vkbwp0-35vPwAzlnl79-D7zkFvtKYWSLVaBY-u9U4rgIM-wugAlNZeHcxpNGrEYwdkVDAj6dDt0EKlxMSW7kvMDzGo1z_Bx1TX:1mBuCU:hrPgl14I6Su2P1F1ArKH7Gv5rbj8z2bfYVIlRQYJ0fs",
            "expire_date": "2021-08-20T07:23:26.104Z"
        }
    },
    {
        "model": "sessions.session",
        "pk": "g1lscnvhtqwev3cj7zpiyzwcecgblzc8",
        "fields": {
            "session_data": ".eJxVjMsOwiAQRf-FtSFDp4Pg0n2_gfAYpGogKe3K-O_apAvd3nPOfQnnt7W4rfPi5iQuQonT7xZ8fHDdQbr7emsytrouc5C7Ig_a5dQSP6-H-3dQfC_f2lA0OpCxiKyIQSGk6IOKAYFowJFyIALECIM9ZwvZj5rYQrKZMWnx_gDDRDc9:1m9kYR:W2ITvasUTUxv8ZK7izE2FCfnYWOz6uz2zoiclg23n6E",
            "expire_date": "2021-08-14T08:41:11.369Z"
        }
    },
    {
        "model": "sessions.session",
        "pk": "h45qu39ybm99x6ltmetr4yjfjvr8vgg7",
        "fields": {
            "session_data": ".eJxVjL2OwyAQhN-F-oRxyDrG5dV3zUmp0QJrmyRaLMBSoijvfraUJtWM5ud7CqZ7tee_HzGIudalDE2TqVRcM3KVa3abIIeUsozc3DYbebILTiS-hMW1znYtlG0MG6H9zBz6K_FehAvylKRPXHN0cp_Id1vkbwp0-35vPwAzlnl79-D7zkFvtKYWSLVaBY-u9U4rgIM-wugAlNZeHcxpNGrEYwdkVDAj6dDt0EKlxMSW7kvMDzGo1z_Bx1TX:1mNauP:5XDcb_xgepzTwcXAUv4HcxAfbUhgY_Nb__jD1cj7acw",
            "expire_date": "2021-09-21T13:13:05.178Z"
        }
    },
    {
        "model": "sessions.session",
        "pk": "hl88zjeequcoqdz0jmvznstvtuwrgar0",
        "fields": {
            "session_data": ".eJxVjLGOwyAQRP-F-oRxyDrG5dV3zUmp0QJrmyRaLMBSoij_fraUJt1o3rx5CqZ7tee_HzGIudalDE2zZodckUNKWUZubluMPNkFJxJfwuJaZ7sWyjaGTWs_O4f-SryDcEGekvSJa45O7hP5pkX-pkC37_f242DGMm92D77vHPRGa2qBVKtV8Oha77QCOOgjjA5Aae3VwZxGo0Y8dkBGBTOSDt1-WqiUmNjSfYn5IQb1-geCmVBg:1m9sce:s5GO6TO5CU1Djt84r0NZ2QU6EIFHz4KDbGj7IDGeLW8",
            "expire_date": "2021-08-14T17:18:04.094Z"
        }
    },
    {
        "model": "sessions.session",
        "pk": "hpsmo714h0tm8zx5hfr5hqlu8kk7wix1",
        "fields": {
            "session_data": "eyJuZXh0X1VSTCI6Imh0dHBzOi8vcmVzdGF1cmFudC51cmJhbnRhbmRvb3IuaW4vbGFuZGluZ19wYWdlIn0:1mL087:7iCCPZ2AHEatHc95l1QWnFtW4tP-Pk-h98YSM11K1ik",
            "expire_date": "2021-09-14T09:32:31.462Z"
        }
    },
    {
        "model": "sessions.session",
        "pk": "i92az93iwsqn336dr00k95cc03l6lbfc",
        "fields": {
            "session_data": "eyJuZXh0X1VSTCI6Imh0dHBzOi8vdXJiYW50YW5kb29yLmluL2xhbmRpbmdfcGFnZSJ9:1mSwaQ:UZfR6Wd9PMjD529gmBK5krYlBMpH4Nob_7J2RIDkkTk",
            "expire_date": "2021-10-06T07:22:34.343Z"
        }
    },
    {
        "model": "sessions.session",
        "pk": "ie7wkjyn5y3ts66vz3mk1vxrx71hln0h",
        "fields": {
            "session_data": ".eJxVjL2OwyAQhN-F-oRxyDrG5dV3zUmp0QJrmyRaLMBSoijvfraUJtWM5ud7CqZ7tee_HzGIudalDE2TqVRcM3KVa3abIIeUsozc3DYbebILTiS-hMW1znYtlG0MG6H9zBz6K_FehAvylKRPXHN0cp_Id1vkbwp0-35vPwAzlnl79-D7zkFvtKYWSLVaBY-u9U4rgIM-wugAlNZeHcxpNGrEYwdkVDAj6dDt0EKlxMSW7kvMDzGo1z_Bx1TX:1mQXGl:FOB-58ekKa4p_YFtL2Apii7mo7oUs4mu408kx929td0",
            "expire_date": "2021-09-29T15:56:19.392Z"
        }
    },
    {
        "model": "sessions.session",
        "pk": "j05ytyzcthrn7mxxs0654qmnb9mdlqt6",
        "fields": {
            "session_data": ".eJxVjMEOwiAQRP-FsyEUgQWP3v0GAuyuVA1NSnsy_rtt0oPeJvPezFvEtC41rp3mOKK4CC1Ov11O5UltB_hI7T7JMrVlHrPcFXnQLm8T0ut6uH8HNfW6rRWypqCCz6g9YibObHxxPrN3aHVSDJDOhBCMs8bg4Ai85QEItmTE5wsK8Dhh:1m8jXA:r0MGdlBce8cnIoB3BCMl-SuVMwdeOl4xuGGf4FMFxYY",
            "expire_date": "2021-08-11T13:23:40.013Z"
        }
    },
    {
        "model": "sessions.session",
        "pk": "jglwb9npwp79ac7zs4rno0pslbklvqzt",
        "fields": {
            "session_data": ".eJxVjLGOwyAQRP-F-oRxyDrG5dV3zUmp0QJrmyRaLMBSoij_fraUJt1o3rx5CqZ7tee_HzGIudalDE2zZodckUNKWUZubluMPNkFJxJfwuJaZ7sWyjaGTWs_O4f-SryDcEGekvSJa45O7hP5pkX-pkC37_f242DGMm92D77vHPRGa2qBVKtV8Oha77QCOOgjjA5Aae3VwZxGo0Y8dkBGBTOSDt1-WqiUmNjSfYn5IQb1-geCmVBg:1mGKaP:NVDCWMpWe1KiVw_zCQVHxjr6yO7viyreiywTpb0ZLeM",
            "expire_date": "2021-09-01T12:22:25.533Z"
        }
    },
    {
        "model": "sessions.session",
        "pk": "k4koud1vrw54njigqbs72k5jc7iwmd4v",
        "fields": {
            "session_data": ".eJxVjMsOwiAQRf-FtSFDp4Pg0n2_gfAYpGogKe3K-O_apAvd3nPOfQnnt7W4rfPi5iQuQonT7xZ8fHDdQbr7emsytrouc5C7Ig_a5dQSP6-H-3dQfC_f2lA0OpCxiKyIQSGk6IOKAYFowJFyIALECIM9ZwvZj5rYQrKZMWnx_gDDRDc9:1m8icm:CMe8ZS_D0-etgH-mdO1xa6kS-io7FlXqewPYfXdhGpo",
            "expire_date": "2021-08-11T12:25:24.988Z"
        }
    },
    {
        "model": "sessions.session",
        "pk": "kpc76mrte51o9d97mdysmhbp9qrs9v5p",
        "fields": {
            "session_data": "eyJuZXh0X1VSTCI6Imh0dHBzOi8vdXJiYW50YW5kb29yLmluL2xhbmRpbmdfcGFnZSJ9:1n6San:LnDv3PCVJbHZCyIo50Ye_yyJfPQ_rkok702jVkH0shM",
            "expire_date": "2022-01-23T07:26:17.596Z"
        }
    },
    {
        "model": "sessions.session",
        "pk": "m8888gas3xfecee7uip5khj4bba47vor",
        "fields": {
            "session_data": ".eJxVjL2OwyAQhN-F-oRxyDrG5dV3zUmp0QJrmyRaLMBSoijvfraUJtWM5ud7CqZ7tee_HzGIudalDE2TqVRcM3KVa3abIIeUsozc3DYbebILTiS-hMW1znYtlG0MG6H9zBz6K_FehAvylKRPXHN0cp_Id1vkbwp0-35vPwAzlnl79-D7zkFvtKYWSLVaBY-u9U4rgIM-wugAlNZeHcxpNGrEYwdkVDAj6dDt0EKlxMSW7kvMDzGo1z_Bx1TX:1mABcL:10zkJCQTIK3rhafj53BN4jeaGEuG6Vh-rAeSgcn6hPw",
            "expire_date": "2021-08-15T13:35:01.475Z"
        }
    },
    {
        "model": "sessions.session",
        "pk": "m8qn1vqe1mo7l3nwt2z6lh67nl4weft1",
        "fields": {
            "session_data": ".eJxVjM1uwyAQhN-Fc4QdFxvsY87ppVLPaPEuNkm0WIClVFXfvVjKJacZzc_3K5iexX5_XcUk1lK2PDVNolxgT8BF7slVAcYYkwzcPKoNvNgNFhInYWEvq90zJRuwErr3zMF8Jz4KvAEvUc6RSwpOHhP5arP8jEiPy2v7Blghr_Xdou9obEfjsDOIjrzzysyDcd4M2HfQeq3hg1CPauiVwvNA2vT-rElXpw5oppxDZEvPLaQfMbV__yBDVfs:1m9nbT:IiZ-KsiS1V_AyRXJI0Hp8chtSUHmqPFSe_5bwHQaVnw",
            "expire_date": "2021-08-14T11:56:31.345Z"
        }
    },
    {
        "model": "sessions.session",
        "pk": "mofq4ziki1bjhn8wfbll6y8q8yf6vl88",
        "fields": {
            "session_data": "eyJuZXh0X1VSTCI6Imh0dHA6Ly9sb2NhbGhvc3Q6MzAwMC9sYW5kaW5nX3BhZ2UifQ:1m8lV0:5TP3DOs886Ubs8BIdxaG4S7cwObh5kGmiWiy5zmrEdU",
            "expire_date": "2021-08-11T15:29:34.610Z"
        }
    },
    {
        "model": "sessions.session",
        "pk": "nsjozdlfhq6xmja4bcq68b3jm82dj93j",
        "fields": {
            "session_data": ".eJxVjLGOwjAQRP_FNXJCzomdlNRcc9LV1jq7TgxoHdmOBEL8O4lEQzeaN2-egule7P_fWQxiLmXJQ1WtyQEXYIwxycDVbYuBJ7vAROIgLKxltmumZANuWvPdORivxDvAC_AU5Ri5pODkPpEfmuVvRLqdPtuvgxnyvNk1-ob6ujcOG4PoyDuvzNgZ502HbQO11xp-CHWvulYpPHakTeuPmvSW1H6aKecQ2dJ9Cekhhvr1BuEGUYQ:1m9scp:b_ULMX6LB29h1Q4WayLduMwNWoOpfqoxH1SoYN9Dasc",
            "expire_date": "2021-08-14T17:18:15.400Z"
        }
    },
    {
        "model": "sessions.session",
        "pk": "oh4og56dtoyh5blvi0shy1kwuzrnk33r",
        "fields": {
            "session_data": "eyJuZXh0X1VSTCI6Imh0dHBzOi8vdXJiYW50YW5kb29yLmluL2xhbmRpbmdfcGFnZSJ9:1mRy8z:OcanAnNsSXs4QAS0XE7aKSCAmhBbotfLKJ_ZMzQelMg",
            "expire_date": "2021-10-03T14:50:13.621Z"
        }
    },
    {
        "model": "sessions.session",
        "pk": "q5iasnqz7rtnk67rtl9iqz286n6ub9s8",
        "fields": {
            "session_data": ".eJxVjLGOgzAQRP_FdQRrQ8BQXn3XREptrdcLdg7ZCDtSTqf8e0BKk240b978i8iPYq6XbzEKX8o61vWSCBefchkbAKgXjC7E2aw4szgJg_fizT3zZoLbpfazs0i_HA_gbhjnVFGKZQu2OibVm-bqJzlevt7bjwOP2e92T0DWqjMAaTmQHKDvcOIG9dCrTjvdTNKxYket7GhSg2z3iD3oVvHZ6uM0c84hRcOPNWx_YoTnCyg0Tzc:1m9VjX:YDxgXhZ-pE5sN1kS-VEdVDmZHXpRAyeUiK7BnSRKylA",
            "expire_date": "2021-08-13T16:51:39.287Z"
        }
    },
    {
        "model": "sessions.session",
        "pk": "qab644htlhmdrujfr1bpmdo5sfo4plmv",
        "fields": {
            "session_data": ".eJxVjLGOwyAQRP-F-oRxyDrG5dV3zUmp0QJrmyRaLMBSoij_fraUJt1o3rx5CqZ7tee_HzGIudalDE2zZodckUNKWUZubluMPNkFJxJfwuJaZ7sWyjaGTWs_O4f-SryDcEGekvSJa45O7hP5pkX-pkC37_f242DGMm92D77vHPRGa2qBVKtV8Oha77QCOOgjjA5Aae3VwZxGo0Y8dkBGBTOSDt1-WqiUmNjSfYn5IQb1-geCmVBg:1mA66z:xYfXX4vuKlAAM05RlgVpjn-QibmKqcICIYEPw0NsTzQ",
            "expire_date": "2021-08-15T07:42:17.638Z"
        }
    },
    {
        "model": "sessions.session",
        "pk": "qpqp12p2ozyas8ia5go265ac1t3ursau",
        "fields": {
            "session_data": ".eJxVjM1uwyAQhN-Fc4QdFxvsY87ppVLPaPEuNkm0WIClVFXfvVjKJacZzc_3K5iexX5_XcUk1lK2PDVNolxgT8BF7slVAcYYkwzcPKoNvNgNFhInYWEvq90zJRuwErr3zMF8Jz4KvAEvUc6RSwpOHhP5arP8jEiPy2v7Blghr_Xdou9obEfjsDOIjrzzysyDcd4M2HfQeq3hg1CPauiVwvNA2vT-rElXpw5oppxDZEvPLaQfMbV__yBDVfs:1m9hUn:Mo5Xtc4B3f5Yokt7oA6FODMlBp3RoHmZQ4rgZgfl7p4",
            "expire_date": "2021-08-14T05:25:13.991Z"
        }
    },
    {
        "model": "sessions.session",
        "pk": "qt0e3gr7truuwquwfsc60yzx6lcnp6vp",
        "fields": {
            "session_data": ".eJxVjL0OgjAURt-ls2laLhcpo7MuJs5Nf26lSlpDIcEY311JWFi_c77zYYmWSd-uZ9aleRgOTJt56vVcaNTRs45JttuscU9KK_APk-6Zu5ymMVq-KnyjhV-yp-G0ubtAb0r_f7fo2sZiqwBIIgkJwjtjpbMgECuoMVhEAeBEpY5BiWDqBkkJrwKBb9ZooVJiTpqWVxzfrBPfH6LDQ_A:1mGHZx:bwgjw51LpMxkDyXyg3GovQApSShPQiVKFaEGt0rc62U",
            "expire_date": "2021-09-01T09:09:45.467Z"
        }
    },
    {
        "model": "sessions.session",
        "pk": "rlpwr78tqoywyw9rozzsw5fevg2z1cpf",
        "fields": {
            "session_data": "eyJuZXh0X1VSTCI6Imh0dHBzOi8vdXJiYW50YW5kb29yLmluL2xhbmRpbmdfcGFnZSJ9:1mcB80:CAgJmmlTzKbYxfXOTDbm_rsigp2sP5-33IuSSBrbMNE",
            "expire_date": "2021-10-31T18:43:24.337Z"
        }
    },
    {
        "model": "sessions.session",
        "pk": "rqb030f4t0dp4ws71j8rup7jog8xvcg3",
        "fields": {
            "session_data": ".eJxVjLFuhDAQRP_FdQRrw4FNmTppTrraWq8X7ATZCPuki6L8e0C65rrRvHnzKxI_qr1dP8QkQq3b1LZrJlxDLnXqAKBdMfmYFrvhwuJNWLzXYO-Fdxv9IfWvnUP65nQC_4VpyQ3lVPfomnPSPGlpPrPn9f25fTkIWMJhjwTknLoAkJaGpIFxwJk71GZUg_a6m6VnxZ56OdCsjOyPiCPoXvHF6fO0cCkxJ8uPLe4_YpIKzADw9w8GGVBp:1mIqkM:XuvAmL8_JItA5cyMIID0MxFCCa0x3Qhiq_sPb9JYsSA",
            "expire_date": "2021-09-08T11:07:06.827Z"
        }
    },
    {
        "model": "sessions.session",
        "pk": "s4be0yquy4oofdklsma1pypwhm67b5k2",
        "fields": {
            "session_data": "eyJuZXh0X1VSTCI6Imh0dHBzOi8vdXJiYW50YW5kb29yLmluL2xhbmRpbmdfcGFnZSJ9:1mBg4n:pUGumn2BVwJcqlqno9IvF3Ami1uhjw33BYpYQnr7dH0",
            "expire_date": "2021-08-19T16:18:33.704Z"
        }
    },
    {
        "model": "sessions.session",
        "pk": "sgvpxt1zxnv0vdjib6d3vlnzca5hu31o",
        "fields": {
            "session_data": ".eJxVjM1uwyAQhN-Fc4QdFxvsY87ppVLPaPEuNkm0WIClVFXfvVjKJacZzc_3K5iexX5_XcUk1lK2PDVNolxgT8BF7slVAcYYkwzcPKoNvNgNFhInYWEvq90zJRuwErr3zMF8Jz4KvAEvUc6RSwpOHhP5arP8jEiPy2v7Blghr_Xdou9obEfjsDOIjrzzysyDcd4M2HfQeq3hg1CPauiVwvNA2vT-rElXpw5oppxDZEvPLaQfMbV__yBDVfs:1mKCdn:2cnBvgh-5JM5imwTmm5hwWy0yRetd29ZT2wrHWIvFZU",
            "expire_date": "2021-09-12T04:41:55.842Z"
        }
    },
    {
        "model": "sessions.session",
        "pk": "sv2xhryvt36n4xfzzxxnvdu0awr8hljw",
        "fields": {
            "session_data": ".eJxVjLGOwjAQRP_FNXJCzomdlNRcc9LV1jq7TgxoHdmOBEL8O4lEQzeaN2-egule7P_fWQxiLmXJQ1WtyQEXYIwxycDVbYuBJ7vAROIgLKxltmumZANuWvPdORivxDvAC_AU5Ri5pODkPpEfmuVvRLqdPtuvgxnyvNk1-ob6ujcOG4PoyDuvzNgZ502HbQO11xp-CHWvulYpPHakTeuPmvSW1H6aKecQ2dJ9Cekhhvr1BuEGUYQ:1muc5D:aWAYi09VbQoGnDvb3bxuJdNxAX4rMhqeksMV7lMONVE",
            "expire_date": "2021-12-21T15:08:43.834Z"
        }
    },
    {
        "model": "sessions.session",
        "pk": "tbzqnk8r6475qrcxij1px30zgi5umsdo",
        "fields": {
            "session_data": ".eJxVjLGOwyAQRP-F-oRxyDrG5dV3zUmp0QJrmyRaLMBSoij_fraUJt1o3rx5CqZ7tee_HzGIudalDE2zZodckUNKWUZubluMPNkFJxJfwuJaZ7sWyjaGTWs_O4f-SryDcEGekvSJa45O7hP5pkX-pkC37_f242DGMm92D77vHPRGa2qBVKtV8Oha77QCOOgjjA5Aae3VwZxGo0Y8dkBGBTOSDt1-WqiUmNjSfYn5IQb1-geCmVBg:1m82R8:i9psF9h9Nxs9dOXOr9OSaNzFKnqQSM3feRFGSsw7yOY",
            "expire_date": "2021-08-09T15:22:34.100Z"
        }
    },
    {
        "model": "sessions.session",
        "pk": "u3zgyoe9cit3z6iuc0v75fn0ra1w9xy2",
        "fields": {
            "session_data": ".eJxVjMEOgjAQRP-lZwMFCy0cPevFxHOzZbe0SlpCa6Ix_ruQeOE2mTdvPizQK-vb9cx65nKe-7Kc4gCTiyn3R855OUFAH0Y9w0jswDQ8s9PPRIv2uEr1vjMwPChsAO8QxlgMMeTFm2KbFH-aiktEmk7_7e7AQXKrzdHW1PFOGawVoiFrrFBDq4xVLTY1cCslHAllJ9pGCKxakqqxlSS5JrGdJkrJx6DpNfvlzXr-_QFbQU_D:1m9TMZ:eR5QBoCPAiNZ__0tkTLk7r3XpOhj8jrXReUjP9T_AqE",
            "expire_date": "2021-08-13T14:19:47.152Z"
        }
    },
    {
        "model": "sessions.session",
        "pk": "u4ilwjbzus6tb90bbwl3a6gfb1fyx5ob",
        "fields": {
            "session_data": "eyJuZXh0X1VSTCI6Imh0dHBzOi8vdXJiYW50YW5kb29yLmluL2xhbmRpbmdfcGFnZSJ9:1mqeRw:99U-VqoxsHQHZOMo5uHr-l13bo4gJrIv8z2bq57yHcI",
            "expire_date": "2021-12-10T16:51:48.444Z"
        }
    },
    {
        "model": "sessions.session",
        "pk": "uub1ioapks93ysqwldvs8x2lgp9erglr",
        "fields": {
            "session_data": "eyJuZXh0X1VSTCI6Imh0dHBzOi8vdXJiYW50YW5kb29yLmluL2xhbmRpbmdfcGFnZSJ9:1n2wC5:Ln8LGEPkJ9MgUVsk_pmndNwMRZUVThAkEqxTXTbQYDw",
            "expire_date": "2022-01-13T14:14:13.459Z"
        }
    },
    {
        "model": "sessions.session",
        "pk": "uuydu28w9d6cozbeovzgdkcpjndeatac",
        "fields": {
            "session_data": "eyJuZXh0X1VSTCI6Imh0dHBzOi8vcmVzdGF1cmFudC51cmJhbnRhbmRvb3IuaW4vbGFuZGluZ19wYWdlIn0:1mE822:Mn8BkMTRe47lJr0J9jqK84Rjh2ZNzpvY66BF4qV5XnE",
            "expire_date": "2021-08-26T10:33:50.219Z"
        }
    },
    {
        "model": "sessions.session",
        "pk": "vzwg2po1tbjf0wrvxhjp9dwnbecu2wtu",
        "fields": {
            "session_data": ".eJxVjM1uwyAQhN-Fc4QdFxvsY87ppVLPaPEuNkm0WIClVFXfvVjKJacZzc_3K5iexX5_XcUk1lK2PDVNolxgT8BF7slVAcYYkwzcPKoNvNgNFhInYWEvq90zJRuwErr3zMF8Jz4KvAEvUc6RSwpOHhP5arP8jEiPy2v7Blghr_Xdou9obEfjsDOIjrzzysyDcd4M2HfQeq3hg1CPauiVwvNA2vT-rElXpw5oppxDZEvPLaQfMbV__yBDVfs:1mKCZ6:gTzorA1fSdRBuCDSE3oQPiG35IBKKC2YwDqVmoEFdFI",
            "expire_date": "2021-09-12T04:37:04.574Z"
        }
    },
    {
        "model": "sessions.session",
        "pk": "wkh5a7425zvgkkbtb8yx6k5el2ae38cd",
        "fields": {
            "session_data": ".eJxVjL2OwyAQhN-F-oRxyDrG5dV3zUmp0QJrmyRaLMBSoijvfraUJtWM5ud7CqZ7tee_HzGIudalDE2TqVRcM3KVa3abIIeUsozc3DYbebILTiS-hMW1znYtlG0MG6H9zBz6K_FehAvylKRPXHN0cp_Id1vkbwp0-35vPwAzlnl79-D7zkFvtKYWSLVaBY-u9U4rgIM-wugAlNZeHcxpNGrEYwdkVDAj6dDt0EKlxMSW7kvMDzGo1z_Bx1TX:1mL0AV:7zi_Ot1zRdfa8abIT8h06NcbidBZ4SH710JwZz9kvw4",
            "expire_date": "2021-09-14T09:34:59.274Z"
        }
    },
    {
        "model": "sessions.session",
        "pk": "xb6uyfrqkm2rloj9vn2ebqyfjltfzpl9",
        "fields": {
            "session_data": "eyJuZXh0X1VSTCI6Imh0dHBzOi8vdXJiYW50YW5kb29yLmluL2xhbmRpbmdfcGFnZSJ9:1mACKE:oyVOsjk5Vo1xdBYjSWnFk0DyTua8GFGQQdFzWk6j8AA",
            "expire_date": "2021-08-15T14:20:22.818Z"
        }
    },
    {
        "model": "sessions.session",
        "pk": "y0nekyifol0vmwy12ui67s6lr4bfbkl8",
        "fields": {
            "session_data": "eyJuZXh0X1VSTCI6Imh0dHBzOi8vdXJiYW50YW5kb29yLmluL2xhbmRpbmdfcGFnZSJ9:1mHTFT:Ci9UwmxAlUAVPswSgiEhRpCISfFxgU2YeTAHT9nfwlw",
            "expire_date": "2021-09-04T15:49:31.105Z"
        }
    },
    {
        "model": "sessions.session",
        "pk": "yo70yprm7oib7d3lwaqk6y2p831vj0k0",
        "fields": {
            "session_data": ".eJxVjLGOwyAQRP-F-oRxyDrG5dV3zUmp0QJrmyRaLMBSoij_fraUJt1o3rx5CqZ7tee_HzGIudalDE2zZodckUNKWUZubluMPNkFJxJfwuJaZ7sWyjaGTWs_O4f-SryDcEGekvSJa45O7hP5pkX-pkC37_f242DGMm92D77vHPRGa2qBVKtV8Oha77QCOOgjjA5Aae3VwZxGo0Y8dkBGBTOSDt1-WqiUmNjSfYn5IQb1-geCmVBg:1mGHzU:Li7AsyXsbcTXQJtP75f_fY6plY7P8WoUYne_tsa3MY0",
            "expire_date": "2021-09-01T09:36:08.026Z"
        }
    },
    {
        "model": "sessions.session",
        "pk": "za80thi72c7chp722ple7y6mfzqq0psp",
        "fields": {
            "session_data": "eyJuZXh0X1VSTCI6Imh0dHBzOi8vdXJiYW50YW5kb29yLmluL2xhbmRpbmdfcGFnZSJ9:1mZp3w:WPo0FnmYZ1qxYpzCxL4g-pgZDEjN1hEnrIBcS8Tt_Rc",
            "expire_date": "2021-10-25T06:45:28.017Z"
        }
    },
    {
        "model": "sessions.session",
        "pk": "zdpwcj9xwayio97zf39z4p9cw7mtf9qi",
        "fields": {
            "session_data": ".eJxVjLGOwyAQRP-F-oRxyDrG5dV3zUmp0QJrmyRaLMBSoij_fraUJt1o3rx5CqZ7tee_HzGIudalDE2zZodckUNKWUZubluMPNkFJxJfwuJaZ7sWyjaGTWs_O4f-SryDcEGekvSJa45O7hP5pkX-pkC37_f242DGMm92D77vHPRGa2qBVKtV8Oha77QCOOgjjA5Aae3VwZxGo0Y8dkBGBTOSDt1-WqiUmNjSfYn5IQb1-geCmVBg:1mGL0b:CBvKsc7VlXXyKXAQ_Ga6QYA7giuPsW7Q_Vwpm9rjSXc",
            "expire_date": "2021-09-01T12:49:29.213Z"
        }
    },
    {
        "model": "sessions.session",
        "pk": "zhwkget4pqfm7q1xoitsyh0845jv6w0v",
        "fields": {
            "session_data": ".eJxVjL2OwyAQhN-F-oRxyDrG5dV3zUmp0QJrmyRaLMBSoijvfraUJtWM5ud7CqZ7tee_HzGIudalDE2TqVRcM3KVa3abIIeUsozc3DYbebILTiS-hMW1znYtlG0MG6H9zBz6K_FehAvylKRPXHN0cp_Id1vkbwp0-35vPwAzlnl79-D7zkFvtKYWSLVaBY-u9U4rgIM-wugAlNZeHcxpNGrEYwdkVDAj6dDt0EKlxMSW7kvMDzGo1z_Bx1TX:1mCjrs:Jwhxd9PJ_A9eE03Ld9h3IPxiseA9ZBu25AGNKIZT0c0",
            "expire_date": "2021-08-22T14:33:36.004Z"
        }
    },
    {
        "model": "sessions.session",
        "pk": "zx3hyh2vrt0ml08btqp9rpdj9emt93b6",
        "fields": {
            "session_data": "eyJuZXh0X1VSTCI6Imh0dHBzOi8vdXJiYW50YW5kb29yLmluL2xhbmRpbmdfcGFnZSJ9:1m8EnA:amYSLSlM9HDmDDTww9sBxZSHhP8cSlL9ORFwk5dKwtw",
            "expire_date": "2021-08-10T04:34:08.972Z"
        }
    },
    {
        "model": "sites.site",
        "pk": 1,
        "fields": {
            "domain": "urbantandoor.in",
            "name": "urbantandoor.in"
        }
    },
    {
        "model": "account.emailaddress",
        "pk": 1,
        "fields": {
            "user": 4,
            "email": "Durgeshagrawal38@gmail.com",
            "verified": false,
            "primary": true
        }
    },
    {
        "model": "account.emailaddress",
        "pk": 2,
        "fields": {
            "user": 7,
            "email": "TonyDragster69@gmail.com",
            "verified": false,
            "primary": true
        }
    }
]